title,price,pingfen,number,herf,page
Michael Kors Lexington Chronograph Stainless Steel Watch,$165.00 ,4 Stars & Up,"2,607",https://www.amazon.com/Michael-Kors-Quartz-Watch-Metal/dp/B083R64PTF?dchild=1,1
Fossil Men's Grant Stainless Steel Chronograph Quartz Watch,$79.99 ,3 Stars & Up,"5,940",https://www.amazon.com/Fossil-Grant-cron%C3%B3grafo-inoxidable-plateada/dp/B07Z45T2WZ?dchild=1,1
Michael Kors Slim Runway Stainless Steel Watch,$95.50 ,2 Stars & Up,"1,675",https://www.amazon.com/Michael-Kors-Runway-Quartz-Stainless/dp/B07ZR4L9P4?dchild=1,1
Casio Men's Vintage A168WA-1 Electro Luminescence Watch,$19.92 ,1 Star & Up,"9,614",https://www.amazon.com/Casio-Vintage-A168WA-1YES-Electro-Luminescence/dp/B000LAKYW8?dchild=1,1
Casio F91W-1 Classic Resin Strap Digital Sport Watch,$11.65 ,4.7 out of 5 stars,"10,363",https://www.amazon.com/Casio-F91W-1-Classic-Resin-Digital/dp/B000GAWSDG?dchild=1,1
Michael Kors Slim Runway Three-Hand Watch,$160.68 ,4.6 out of 5 stars,"3,379",https://www.amazon.com/Michael-Kors-Womens-Quartz-Watch/dp/B083R62PYC?dchild=1,1
Invicta Men's 0074 pro Diver Analog Japanese Quartz 18k Gold-plated Stainless Steel Watch,$82.33 ,4.7 out of 5 stars,"1,159",https://www.amazon.com/Invicta-0074-Japanese-Gold-Plated-Stainless/dp/B00075U5I0?dchild=1,1
Invicta Men's 8926OB Pro Diver Stainless Steel Automatic Watch with Link Bracelet,$83.98 ,4.7 out of 5 stars,"6,452",https://www.amazon.com/Invicta-8926OB-Stainless-Automatic-Bracelet/dp/B000JQFX1G?dchild=1,1
Swatch Big Bold Quartz Silicone Strap,$110.00 ,4.6 out of 5 stars,79,https://www.amazon.com/Swatch-Big-Bold-SO27E101-transparente/dp/B088MGN792?dchild=1,1
Invicta Men's Disney Limited Edition Stainless Steel Quartz Watch with Silicone Strap,$129.99 ,4.6 out of 5 stars,15,https://www.amazon.com/Invicta-Disney-Limited-Stainless-Silicone/dp/B087RTX161?dchild=1,1
Nine West Women's Neon Silicone Strap Watch,$31.44 ,4.7 out of 5 stars,4,https://www.amazon.com/dp/B081JBPM3V?dchild=1,1
"Tommy Hilfiger Women's Quartz Watch with Stainless Steel Strap, Silver, 15 (Model: 1782085)",$85.00 ,4.4 out of 5 stars,1,https://www.amazon.com/Tommy-Hilfiger-HilfigerLadies-Business-1782085/dp/B07RP33M7M?dchild=1,1
"Anne Klein Women's Easy to Read Croco-Grain Leather Strap Watch, AK/3540",$52.07 ,4.8 out of 5 stars,2,https://www.amazon.com/Anne-Klein-Croco-Grain-AK-3540CHGY/dp/B07YFFTFT8?dchild=1,1
"Timex Men's Navi XL 41mm Stainless Steel Analog Quartz Cloth Strap, Gray, 20 Casual Watch (Model: TW2U11100)",$129.00 ,5.0 out of 5 stars,1,https://www.amazon.com/Timex-Stainless-Analog-Quartz-Casual/dp/B088VYPQJY?dchild=1,1
Armitron Women's Swarovski Crystal Accented Leather Strap Watch,$32.38 ,5.0 out of 5 stars,1,https://www.amazon.com/Armitron-Swarovski-Gold-Tone-75-5725MPRGBH/dp/B081JB2TR8?dchild=1,1
"Lacoste Men's Moon Quartz Watch with Stainless Steel Strap, Blue, 20 (Model: 2011057)",$185.00 ,5.0 out of 5 stars,1,https://www.amazon.com/7146-M-Entertainment-Decoration-Poster-x23-5/dp/B00G1VXI0Q?dchild=1,1
"Letsfit Smart Watch, Fitness Tracker with Heart Rate Monitor, Activity Tracker with 1.3"" Touch Screen, IP68 Waterproof Pedometer Smartwatch with Sleep Monitor, Step Counter for Women and Men",$35.99 ,5.0 out of 5 stars,"7,554",https://www.amazon.com/Letsfit-Activity-Waterproof-Pedometer-Smartwatch/dp/B07X2KLTJ2?dchild=1,1
Casio F91W-1 Classic Resin Strap Digital Sport Watch,$11.65 ,5.0 out of 5 stars,"10,363",https://www.amazon.com/Casio-F91W-1-Classic-Resin-Digital/dp/B000GAWSDG?dchild=1,1
"Apple Watch Series 5 (GPS, 44mm) - Space Gray Aluminum Case with Black Sport Band",$414.00 ,5.0 out of 5 stars,"2,430",https://www.amazon.com/Apple-Watch-GPS-44mm-Aluminum/dp/B07XQXPF21?dchild=1,1
"Apple?Watch Series?3 (GPS, 42mm) - Space Gray Aluminum Case with Black sport Band",$199.00 ,5.0 out of 5 stars,"16,245",https://www.amazon.com/Apple-Watch-GPS-42mm-Space-Aluminium/dp/B07K387Y7K?dchild=1,1
Timex Men's Expedition Scout 40 Watch,$39.06 ,4.3 out of 5 stars,"6,022",https://www.amazon.com/Timex-TW4B15500-Expedition-Scout-Slip-Thru/dp/B07FFBHM7F?dchild=1,2
Mens Digital Sports Watch LED Screen Large Face Military Watches for Men Waterproof Casual Luminous Stopwatch Alarm Simple Army Watch,$14.99 ,4.6 out of 5 stars,"5,794",https://www.amazon.com/CakCity-Military-Waterproof-Luminous-Stopwatch/dp/B018HTGSN8?dchild=1,2
"YAMAY Smart Watch for Android and iOS Phone IP68 Waterproof, Fitness Tracker Watch with Heart Rate Monitor Step Sleep Tracker, Smartwatch Compatible with iPhone Samsung, Watch for Men Women",$34.84 ,4.8 out of 5 stars,"6,003",https://www.amazon.com/YAMAY-Waterproof-Pedometer-Smartwatch-Compatible/dp/B07SK1SF81?dchild=1,2
Casio Men's 'G-Shock' Quartz Resin Sport Watch,$44.95 ,4.8 out of 5 stars,"5,239",https://www.amazon.com/Casio-G-Shock-DW9052-1BCG-Black-Resin/dp/B004IYZ17Q?dchild=1,2
"Garmin Forerunner 35; Easy-to-Use GPS Running Watch, Black",$99.00 ,4.2 out of 5 stars,"4,287",https://www.amazon.com/Garmin-Forerunner-Easy-Running-Watch/dp/B01KPUHBK6?dchild=1,2
Timex Ironman Classic 30 Full-Size 38mm Watch,$34.65 ,4.4 out of 5 stars,"4,684",https://www.amazon.com/Timex-TW5M18700-Ironman-Classic-Negative/dp/B079D86TVD?dchild=1,2
"Samsung Galaxy Watch Active2 W/ Enhanced Sleep Tracking Analysis, Auto Workout Tracking, and Pace Coaching (44mm, GPS, Bluetooth), Aqua Black - US Version with Warranty",$249.00 ,4.1 out of 5 stars,"5,334",https://www.amazon.com/Samsung-Enhanced-Tracking-Analysis-Coaching/dp/B07VQJ56T3?dchild=1,2
"LETSCOM Fitness Tracker HR, Activity Tracker Watch with Heart Rate Monitor, Waterproof Smart Fitness Band with Step Counter, Calorie Counter, Pedometer Watch for Women and Men",$27.99 ,4.7 out of 5 stars,"1,175",https://www.amazon.com/LETSCOM-Waterproof-Activity-Pedometer-Wristband/dp/B07FKBB8YQ?dchild=1,2
Timex Unisex Weekender 38mm Watch,$30.55 ,4.4 out of 5 stars,"10,754",https://www.amazon.com/Timex-Unisex-T2N651-Weekender-Slip-Thru/dp/B004VR9HP2?dchild=1,2
"LETSCOM Smart Watch Fitness Tracker Heart Rate Monitor Step Calorie Counter Sleep Monitor Music Control IP68 Water Resistant 1.3"" Color Touch Screen Activity Tracking Pedometer for Women Men",$30.59 ,4.5 out of 5 stars,"2,657",https://www.amazon.com/LETSCOM-Resistant-Activity-Tracking-Pedometer/dp/B07WZQP556?dchild=1,2
Timex Women's Indiglo Easy Reader Quartz Analog Leather Strap Watch with Date Feature,$29.25 ,4.6 out of 5 stars,"5,563",https://www.amazon.com/Timex-T2H331-Indiglo-Leather-Silver-Tone/dp/B000AYW0M2?dchild=1,2
Men's Digital Sports Watch Large Face Waterproof Wrist Watches for Men with Stopwatch Alarm LED Back Light,$15.99 ,3.9 out of 5 stars,635,https://www.amazon.com/Digital-Sports-Waterproof-Watches-Stopwatch/dp/B07XTPT3QL?dchild=1,2
The Watch,$82.73 ,4 Stars & Up,"1,469",https://www.amazon.com/Watch-Ben-Stiller/dp/B00A6N773O?dchild=1,2
Fossil Men's Grant Stainless Steel Chronograph Quartz Watch,$11.00 ,3 Stars & Up,1,https://www.amazon.com/Fossil-Quartz-Stainless-Leather-Chronograph/dp/B008AXURAW?dchild=1,2
"Casio Men's Classic Quartz Watch with Resin Strap, Black, 20 (Model: EAW-MQ-24-7B2)",$25.99 ,2 Stars & Up,1,https://www.amazon.com/Casio-EAW-MQ-24-7B2-pulsera-hombre-mecanismo/dp/B000GB0G7A?dchild=1,2
"Willful Fitness Tracker 2020 New Version IP68 Waterproof, Fitness Watch Heart Rate Monitor with Calories/Step Counter Sleep Tracker Stopwatch Health Tracker Fit Watch for Men Women Kids",$14.96 ,1 Star & Up,1,https://www.amazon.com/Willful-Fitness-Waterproof-Calories-Stopwatch/dp/B082WTSRH3?dchild=1,2
Casio Men's W800H-1AV Classic Sport Watch with Black Band,$24.99 ,4.3 out of 5 stars,"5,940",https://www.amazon.com/Casio-Quartz-Resin-Sport-Watch/dp/B001AWZDA4?dchild=1,2
"Black Military Analog Wrist Watch for Men, Mens Army Tactical Field Sport Watches Work Watch, Waterproof Outdoor Casual Quartz Wristwatch - Imported Japanese Movement, 5ATM Waterproof",$176.14 ,4.6 out of 5 stars,"2,553",https://www.amazon.com/Military-Tactical-Watches-Waterproof-Wristwatch/dp/B07XPC8BG3?dchild=1,2
Michael Kors Slim Runway Stainless Steel Watch,$239.00 ,4.4 out of 5 stars,144,https://www.amazon.com/Michael-Kors-Runway-Black-MK8507/dp/B01HEVAPSO?dchild=1,2
"Samsung Galaxy Watch smartwatch (46mm, GPS, Bluetooth) ¨C Silver/Black (US Version with Warranty)",$31.85 ,4.2 out of 5 stars,"6,795",https://www.amazon.com/Samsung-Galaxy-Silver-Bluetooth-SM-R800NZSAXAR/dp/B07FTKJCMT?dchild=1,2
Watchmen,$65.00 ,4.6 out of 5 stars,275,https://www.amazon.com/Watchmen-Malin-Akerman/dp/B002IXA5KW?dchild=1,3
Apple Watch Magnetic Charging Cable (2M),$59.99 ,4.4 out of 5 stars,"1,675",https://www.amazon.com/Apple-Watch-Magnetic-Charging-Cable/dp/B07XK1PWXY?dchild=1,3
Anne Klein Women's Bracelet Watch,$248.99 ,4.7 out of 5 stars,"6,251",https://www.amazon.com/Anne-Klein-AK-2158GNRG-Gold-Tone/dp/B07BZFWVRB?dchild=1,3
Fossil Men's Nate Stainless Steel Chronograph Quartz Watch,$153.16 ,4.4 out of 5 stars,"4,067",https://www.amazon.com/Fossil-Quartz-Stainless-Steel-Chronograph/dp/B008AXYWHQ?dchild=1,3
"Letsfit Smart Watch, GPS Running Watch with Blood Oxygen Monitor, Fitness Tracker with Heart Rate Monitor, Swimming Tracking Smartwatch with Pedometer, Calorie Counter for Women Men",$17.99 ,4.4 out of 5 stars,1,https://www.amazon.com/Letsfit-Swimming-Tracking-Smartwatch-Pedometer/dp/B089QHS16H?dchild=1,3
Fossil Men's Machine Stainless Steel Chronograph Quartz Watch,$81.24 ,4 Stars & Up,"3,187",https://www.amazon.com/Fossil-FS5251SET-Machine-Chronograph-Bracelet/dp/B01L3AZ5VE?dchild=1,3
Casio Women's LRW200H-7BVCF Watch,$20.50 ,3 Stars & Up,"5,304",https://www.amazon.com/Casio-Womens-LRW200H-7BVCF-Sport-Watch/dp/B00791QYMQ?dchild=1,3
"Willful Smart Watch for Men Women 2020 Version IP68 Waterproof, Fitness Tracker Heart Rate Monitor Sport Digital Watch, Smartwatch for Android Phones and iOS Phones Compatible iPhone Samsung (Pink)",$34.99 ,2 Stars & Up,62,https://www.amazon.com/Willful-Version-Waterproof-Smartwatch-Compatible/dp/B086MYGTM9?dchild=1,3
Timex Expedition Scout 36mm Watch,$37.80 ,1 Star & Up,724,https://www.amazon.com/Timex-Unisex-TW4B13900-Expedition-Scout/dp/B079DBW2H1?dchild=1,3
"iiteeology Compatible with Apple Watch Band 42mm 44mm, Upgraded Version Solid Stainless Steel Band Business Replacement iWatch Strap for Apple Watch Series 5/4/3/2/1 - Space Gray",$21.99 ,4.6 out of 5 stars,"4,041",https://www.amazon.com/iiteeology-Compatible-Upgraded-Stainless-Replacement/dp/B07MTYH1HR?dchild=1,3
Digital Sports Watch Water Resistant Outdoor Easy Read Military Back Light Black Big Face Men's 1167,$10.99 ,4.4 out of 5 stars,"1,642",https://www.amazon.com/Digital-Sports-Resistant-Outdoor-Military/dp/B01E6I3Q0W?dchild=1,3
"Casio Men's G-Shock Quartz Watch with Resin Strap, Black, 20 (Model: DW5600E-1V)",$51.74 ,4.6 out of 5 stars,"6,770",https://www.amazon.com/Casio-G-shock-DW5600E-1V-Shock-Resistant/dp/B000GAYQKY?dchild=1,3
Timex Men's Expedition Field Chronograph Watch,$49.99 ,4.3 out of 5 stars,"4,362",https://www.amazon.com/Timex-TW4B10200-Expedition-Chrono-Canvas/dp/B01JO75SJC?dchild=1,3
"Vigorun Smart Watch Fitness Tracker with Heart Rate Monitor, 1.3'' Full Touch Screen Sleep Tracker, Pedometer, 14 Days Battery Life, 5ATM Waterproof Fitness Watch Activity Tracker for Mem Women Black",$32.89 ,4.6 out of 5 stars,138,https://www.amazon.com/Vigorun-Fitness-Pedometer-Waterproof-Activity/dp/B087R3KNFM?dchild=1,3
Nine West Women's Strap Watch,$10.99 ,4.5 out of 5 stars,"1,219",https://www.amazon.com/Nine-West-NW-1994RGGY-Gold-Tone/dp/B06WWNCP12?dchild=1,3
"[2-Pack] Julk Black Hard Case for Apple Watch Series 3 / Series 2 Screen Protector 42mm, Hard PC Case Slim Tempered Glass Screen Protector Overall Protective Cover for iwatch Series 3/2",$39.92 ,4.7 out of 5 stars,126,https://www.amazon.com/Julk-Protector-Tempered-Overall-Protective/dp/B0888QXL78?dchild=1,3
Timex Women's Easy Reader Date Expansion Band Watch,$39.88 ,4.1 out of 5 stars,"4,197",https://www.amazon.com/Timex-T2H381-Two-Tone-Stainless-Expansion/dp/B000AYW0KO?dchild=1,3
"Blackview Smart Watch for Android Phones and iOS Phones, All-Day Activity Tracker with Heart Rate Sleep Monitor, 1.3"" Full Touch Screen, 5ATM Waterproof Pedometer, Smartwatch for Men Women",$156.34 ,4.8 out of 5 stars,701,https://www.amazon.com/Blackview-Activity-Waterproof-Pedometer-Smartwatch/dp/B0827YD3DC?dchild=1,3
"Garmin v¨ªvoactive 3, GPS Smartwatch with Contactless Payments and Built-in Sports Apps, White/Rose Gold",$99.00 ,4.6 out of 5 stars,"6,930",https://www.amazon.com/Garmin-v%C3%ADvoactive-Smartwatch-Contactless-Payments/dp/B07CVJ68GP?dchild=1,3
Michael Kors Slim Runway Three-Hand Watch,$34.99 ,4.8 out of 5 stars,"3,379",https://www.amazon.com/Michael-Kors-Womens-Runway-Stainless/dp/B07SZX562R?dchild=1,3
Nine West Women's Rubberized Bracelet Watch,$28.69 ,4 Stars & Up,241,https://www.amazon.com/Nine-West-NW-2274MAPK-Rubberized/dp/B07MZ82MMM?dchild=1,4
Timex Men's Easy Reader Leather Strap 38mm Watch,$32.50 ,3 Stars & Up,"1,529",https://www.amazon.com/Timex-TW2P75900-Reader-Silver-Tone-Leather/dp/B00YTY4AI6?dchild=1,4
"SANAG Smart Watch,Watches for iOS Android Phones Fitness Tracker Step Counter Calorie Sleep Health Monitor,Full Touch Screen Waterproof Sport Smartwatches,Compatible with iPhone Samsung Women Men",$109.99 ,2 Stars & Up,35,https://www.amazon.com/Watches-Android-Waterproof-Smartwatches-Compatible/dp/B089S51Z5L?dchild=1,4
Timex Weekender Chronograph 40mm Watch,$57.49 ,1 Star & Up,"2,102",https://www.amazon.com/Timex-Weekender-Chrono-Analog-Quartz-Leather/dp/B01JO766FW?dchild=1,4
"VTech KidiZoom Smartwatch DX2, Pink",$45.99 ,4.4 out of 5 stars,"3,616",https://www.amazon.com/VTech-Kidizoom-Smartwatch-DX2-Pink/dp/B071JQ6LCC?dchild=1,4
Ryan's World Specials (Season 4) presented by pocket.watch,$31.88 ,4.5 out of 5 stars,1,https://www.amazon.com/Ryans-Cartoon-Life/dp/B08B49HJQ5?dchild=1,4
Nine West Women's Strap Watch,$49.99 ,5.0 out of 5 stars,1,https://www.amazon.com/Nine-West-Gold-Tone-NW-2346GPBK/dp/B07T4GYVFD?dchild=1,4
"Lintelek Smart Watch for Android and iOS Phone, 1.3 Inch Round Touch Screen Smartwatch with Heart Rate Monitor, Fitness Tracker 5 ATM Waterproof, Step Counter for Men and Women",$9.77 ,4.2 out of 5 stars,146,https://www.amazon.com/Lintelek-Android-iOS-Smartwatch-Waterproof/dp/B086R23S3R?dchild=1,4
"Watches: How To Design, Manufacture and Build a Brand: Go from Collector to Designer and Manufacturer of Watches with this Practical Guide.",$19.99 ,4.5 out of 5 stars,139,https://www.amazon.com/Watches-Manufacture-Collector-Manufacturer-Practical-ebook/dp/B01E34R8S0?dchild=1,4
"Samsung Galaxy Watch Active - 40mm, IP68 Water Resistant, Wireless Charging, SM-R500N International Version (Black)",$31.00 ,4.6 out of 5 stars,1,https://www.amazon.com/Samsung-Galaxy-Watch-Active-International/dp/B07QNTZJLK?dchild=1,4
Fossil Women's Riley Stainless Steel Multifunction Glitz Quartz Watch,$150.00 ,4.7 out of 5 stars,10,https://www.amazon.com/Fossil-Womens-Riley-Quartz-Stainless-Steel-Plated/dp/B07M7P7VLX?dchild=1,4
"MakerFocus WiFi Test Tool ESP8266 WiFi Deauther Watch DSTIKE NodeMCU ESP8266 Programmable Development Board Built in 500mAh Battery with OLED Dispaly, Wristband and 3D Printing Case",$81.76 ,3.6 out of 5 stars,517,https://www.amazon.com/MakerFocus-Deauther-Programmable-Development-Wristband/dp/B081Q6BGHN?dchild=1,4
Watch Dogs Legion - PlayStation 4 Gold Steelbook Edition,$40.99 ,4.4 out of 5 stars,"4,633",https://www.amazon.com/Watch-Dogs-Legion-PlayStation-Gold-Steelbook/dp/B07SK4LCDM?dchild=1,4
Nixon Time Teller A045. 100m Water Resistant Watch (37mm Stainless Steel Watch Face),$109.99 ,4.6 out of 5 stars,37,https://www.amazon.com/NIXON-Time-Teller-A076-19-5mm-18mm/dp/B07QX35N24?dchild=1,4
"Military Analog Wrist Watch for Men, Mens Army Tactical Field Sport Watches Work Watch, Outdoor Casual Quartz Wristwatch - Imported Japanese Movement, 5ATM Waterproof",$29.99 ,4.6 out of 5 stars,"1,468",https://www.amazon.com/Military-Tactical-Watches-Outdoor-Wristwatch/dp/B0889KBD6L?dchild=1,4
Timex Women's Ironman Transit 33mm Watch,$21.99 ,4.6 out of 5 stars,55,https://www.amazon.com/Timex-TW5M19900-Ironman-Mid-Size-Gold-Tone/dp/B07FF9TLMT?dchild=1,4
"SUPCASE [Unicorn Beetle Pro] Case for Apple Watch 3, Rugged Protective Case with Strap Bands for Apple Watch Series 3 2017 Edition [42mm, Compatible with Apple Watch 42mm 2015 2016 ] (Black)",$18.99 ,4 Stars & Up,"6,502",https://www.amazon.com/SUPCASE-Unicorn-Beetle-Protective-Compatible/dp/B077D118JY?dchild=1,4
"Garmin Instinct, Rugged Outdoor Watch with GPS, Features GLONASS and Galileo, Heart Rate Monitoring and 3-Axis Compass, Graphite",$238.95 ,3 Stars & Up,"4,036",https://www.amazon.com/Garmin-Instinct-Features-Monitoring-Graphite/dp/B07HYX9P88?dchild=1,4
"Smart Watch Compatible with iPhone and Android Phones, IP67 Waterproof, Fitness Tracker Watch with Pedometer Heart Rate Monitor Blood Oxygen Sleep Tracker, Smartwatch for Men Women Kids",$33.49 ,2 Stars & Up,329,https://www.amazon.com/Beaulyn-Waterproof-Pedometer-Activity-Compatible/dp/B07T3L5ZX6?dchild=1,4
Timex Boys Time Machines Analog Elastic Fabric Strap Watch,$18.99 ,1 Star & Up,"1,871",https://www.amazon.com/Timex-TW7C05800-Machines-Stripes-Elastic/dp/B00YTYJ6NA?dchild=1,4
Men's Digital Sports Watch Military Electronic Waterproof Wrist Watches for Men with Stopwatch Alarm LED Backlight,$13.99 ,4.5 out of 5 stars,162,https://www.amazon.com/Military-Electronic-Waterproof-Stopwatch-Backlight/dp/B07Y3V5C36?dchild=1,5
Nine West Women's NW/1981 Sunray Dial Mesh Bracelet Watch,$32.46 ,4.6 out of 5 stars,"1,259",https://www.amazon.com/Nine-West-NW-1980CHGB-Gold-Tone/dp/B06XDPN2VN?dchild=1,5
Armitron Sport Women's 45/7012 Digital Chronograph Watch,$19.99 ,3.8 out of 5 stars,"4,605",https://www.amazon.com/Armitron-Sport-45-7012TEL-Chronograph/dp/B0185UMQMQ?dchild=1,5
"Apple Watch Series 5 (GPS?+?Cellular, 44mm) - ? Stainless Steel Case with ?Milanese Loop",$749.00 ,4.2 out of 5 stars,51,https://www.amazon.com/Apple-Watch-Serie-Celular-44mm/dp/B07XQSTXDY?dchild=1,5
"Anbes Health and Fitness Smartwatch with Heart Rate Monitor, Smart Watch for Home Fitness Tracking, Yoga, Exercise Bike, Treadmill Running, Compatible with iPhone and Android Phones for Women Men",$30.59 ,4.4 out of 5 stars,"1,687",https://www.amazon.com/Waterproof-Fitness-Tracker-Smartwatch-Compatible/dp/B07Y81FK48?dchild=1,5
"Invicta Men's Pro Diver Quartz Watch with Stainless Steel Strap, Silver, 20 (Model: 26970)",$79.00 ,4.3 out of 5 stars,533,https://www.amazon.com/Invicta-26970-Diver-Quartz-Black/dp/B07FCLBWD9?dchild=1,5
"Citizen Eco-Drive Chandler Field Watch for Men, BM8180-03E",$171.85 ,4.1 out of 5 stars,"3,495",https://www.amazon.com/Citizen-Eco-Drive-Stainless-display-BM8180-03E/dp/B000EQS1JW?dchild=1,5
"Men¡¯s Military Watch, Dual-Display Waterproof Sports Digital Watch Big Wrist for Men with Alarm",$19.99 ,4.8 out of 5 stars,463,https://www.amazon.com/Military-Dual-Display-Waterproof-Sports-Digital/dp/B07QVXWX58?dchild=1,5
Casio Men's F108WH Illuminator Collection Black Resin Strap Digital Watch,$44.97 ,4.2 out of 5 stars,"2,157",https://www.amazon.com/Casio-F108WH-Illuminator-Collection-Digital/dp/B0053HBJBE?dchild=1,5
Amazon Fire TV with 4K Ultra HD,$87.98 ,4.4 out of 5 stars,"36,878",https://www.amazon.com/Amazon-Fire-TV-Streaming-Media-Player/dp/B00U3FPN4U?dchild=1,5
Casio- Analog Sport Watch,$18.50 ,4 Stars & Up,"6,710",https://www.amazon.com/Casio-MRW200H-1BV-Black-Resin-Watch/dp/B005JVP0LE?dchild=1,5
Citizen Watches Men's BN0151-09L Promaster Professional Diver,$221.25 ,3 Stars & Up,"1,421",https://www.amazon.com/Citizen-Eco-Drive-Promaster-Diver-BN0151-09L/dp/B00PXVU3GM?dchild=1,5
"Fitbit Inspire HR Heart Rate and Fitness Tracker, One Size (S and L Bands Included), 1 Count",$69.95 ,2 Stars & Up,"16,181",https://www.amazon.com/Fitbit-Inspire-Fitness-Tracker-included/dp/B07MM5W7Q8?dchild=1,5
Kids Diana Show presented by pocket.watch,$12.95 ,1 Star & Up,1,https://www.amazon.com/Diana-Romas-Magic-Building-Blocks/dp/B08BND6FHC?dchild=1,5
"Updated Version Watch Charger, Powlaken Charging Cable MFi Certified Magnetic Wireless Portable Charger Charging Cable Cord Compatible for Apple Watch Series 5 4 3 2 1",$45.02 ,4.3 out of 5 stars,"5,470",https://www.amazon.com/Powlaken-Charging-Certified-Magnetic-Compatible/dp/B07ZNT29ZF?dchild=1,5
Anne Klein Women's Genuine Diamond Dial Bracelet Watch,$30.55 ,4.7 out of 5 stars,"2,503",https://www.amazon.com/Anne-Klein-AK-1362CHGB-Gold-Tone/dp/B00AJS4L3U?dchild=1,5
Timex Men's Easy Reader Date Leather Strap Watch,$23.99 ,4.3 out of 5 stars,"4,749",https://www.amazon.com/Timex-T2H281-Reader-Black-Leather/dp/B000AYYIYU?dchild=1,5
"BIGGERFIVE Fitness Tracker Watch for Kids Girls Boys Teens, Activity Tracker, Pedometer, Calorie Counter, Sleep Monitor, Vibrating Alarm Clock,IP67 Waterproof Step Counter Watch, Great Kids Gift",$93.48 ,4.1 out of 5 stars,"1,013",https://www.amazon.com/BIGGERFIVE-Activity-Pedometer-Vibrating-Waterproof/dp/B07TW4P9ZK?dchild=1,5
Michael Kors Bradshaw Stainless Steel 43MM Chronograph Watch,$11.88 ,4.6 out of 5 stars,"2,632",https://www.amazon.com/Michael-Kors-Womens-Bradshaw-Stainless/dp/B07SZWV4WW?dchild=1,5
Casio Women's LQ139A-1B3 Black Classic Resin Watch,$130.59 ,4.3 out of 5 stars,"1,920",https://www.amazon.com/Casio-Womens-LQ139A-1B3-Black-Classic/dp/B000GB0G2K?dchild=1,5
"Casio Men's Pro Trek Bluetooth Connected Quartz Sport Watch with Resin Strap, 22.2 (Model: PRT-B50-1CR)",$14.99 ,4.4 out of 5 stars,75,https://www.amazon.com/Casio-Bluetooth-Connected-Quartz-Sport/dp/B07WPFN8PJ?dchild=1,6
Spigen Liquid Air Armor Designed for Samsung Galaxy Watch Active 2 Case 44mm (2019) - Black,$65.93 ,4.6 out of 5 stars,"1,153",https://www.amazon.com/Spigen-Liquid-Designed-Samsung-Galaxy/dp/B07YBMVVLT?dchild=1,6
Fossil Women Jacqueline Stainless Steel and Leather Casual Quartz Watch,$9.34 ,3.9 out of 5 stars,"1,383",https://www.amazon.com/Fossil-Jacqueline-cuarzo-inoxidable-Equipaje/dp/B0725JPR4Z?dchild=1,6
"Misxi Black Hard Case Compatible with Apple Watch Series 5 Series 4 44mm with Screen Protector, Hard PC Case Slim Tempered Glass Screen Protector Overall Protective Cover for iwatch Series 5/4",$69.95 ,4.4 out of 5 stars,"5,843",https://www.amazon.com/Misxi-Compatible-Protector-Tempered-Protective/dp/B07WRBDXZ8?dchild=1,6
Casio Men's 'G Shock' Quartz Resin Casual Watch,$36.40 ,4.6 out of 5 stars,"1,294",https://www.amazon.com/Casio-Shock-Quartz-Resin-Casual/dp/B01LEEEFM4?dchild=1,6
M1 2 in 1 Smart Bracelet Wireless Bluetooth Headset Combo Running Music Wristband Earphone Heart Rate Blood Pressure Fitness Tracker (Black),$55.99 ,4 Stars & Up,61,https://www.amazon.com/Bracelet-Wireless-Bluetooth-Wristband-Earphone/dp/B07ZKLYCZM?dchild=1,6
"YAMAY Smart Watch 2020 Ver. Watches for Men Women Fitness Tracker Blood Pressure Monitor Blood Oxygen Meter Heart Rate Monitor IP68 Waterproof, Smartwatch Compatible with iPhone Samsung Android Phones",$48.99 ,3 Stars & Up,549,https://www.amazon.com/YAMAY-Version-Pressure-Smartwatch-Compatible/dp/B087C1R9QW?dchild=1,6
Fossil Men's Neutra Chronograph Stainless Steel Watch,$95.93 ,2 Stars & Up,334,https://www.amazon.com/Fossil-Neutra-Chrono-Quartz-Stainless/dp/B075QFF5BV?dchild=1,6
Kids Smartwatch for Boys Girls - Smart Watch for Kids with 7 Games Music Player Camera School Mode SOS Phone Watch for 4-12 Students Children as Birthday Gift (Black),$35.99 ,1 Star & Up,65,https://www.amazon.com/Kids-Smartwatch-Boys-Girls-Students/dp/B0876MCZXB?dchild=1,6
"Smart Watch, Bluetooth Smartwatch Touch Screen Wrist Watch with Camera/SIM Card Slot,Waterproof Smart Watch Sports Fitness Tracker Android Phone Watch Compatible with Android Phones Samsung Huawei",$35.98 ,3.0 out of 5 stars,"5,643",https://www.amazon.com/Bluetooth-Smartwatch-Waterproof-Fitness-Compatible/dp/B088W8WDWC?dchild=1,6
Casio Men's,$290.00 ,4.3 out of 5 stars,"2,295",https://www.amazon.com/G-Shock-GA100CF-8A-Special-Models-Luxury/dp/B00KJ8IKJQ?dchild=1,6
"Garmin v¨ªvoactive 4S, Smaller-Sized GPS Smartwatch, Features Music, Body Energy Monitoring, Animated Workouts, Pulse Ox Sensors and More, Silver with Gray Band",$399.00 ,4.5 out of 5 stars,839,https://www.amazon.com/Garmin-v%C3%ADvoactive-Smaller-Sized-Smartwatch-Monitoring/dp/B07W7W9DQQ?dchild=1,6
"Samsung Galaxy Watch Active2 W/ Enhanced Sleep Tracking Analysis, Auto Workout Tracking, and Pace Coaching (44mm, GPS, Bluetooth, Unlocked LTE), Aqua Black - US Version with Warranty",$5.99 ,4.8 out of 5 stars,19,https://www.amazon.com/Samsung-Enhanced-Tracking-Analysis-Bluetooth/dp/B07YXSBJMZ?dchild=1,6
"VATI Sport Band Compatible for Apple Watch Band 38mm 40mm 42mm 44mm, Soft Silicone Sport Strap Replacement Bands Compatible with iWatch Apple Watch Series 5/4/ 3/2/ 1 All Models",$31.44 ,4.3 out of 5 stars,"11,684",https://www.amazon.com/VATI-Compatible-Silicone-Replacement-iWatch/dp/B07PBYZ1SC?dchild=1,6
"YAMAY Smart Watch Fitness Tracker Watches for Men Women, Fitness Watch Heart Rate Monitor IP68 Waterproof Digital Watch with Step Calories Sleep Tracker, Smartwatch Compatible iPhone","$7,940.00 ",4.6 out of 5 stars,"1,101",https://www.amazon.com/YAMAY-Fitness-Waterproof-Smartwatch-Compatible/dp/B082LTBZS1?dchild=1,6
Rolex Yacht-Master Mechanical (Automatic) Platinun Dial Mens Watch 16622 (Pre-Owned),$29.95 ,4.3 out of 5 stars,121,https://www.amazon.com/Rolex-Yacht-Master-Mechanical-Automatic-Pre-Owned/dp/B00KLBZO3G?dchild=1,6
"Inspiratek Kids Fitness Tracker for Girls and Boys Age 5-16 (4 Colors)- Waterproof Fitness Watch for Kids with Heart Rate Monitor, Sleep Monitor, Calorie Counter and More - Kids Activity Tracker",$36.40 ,4.5 out of 5 stars,"2,391",https://www.amazon.com/Inspiratek-Kids-Fitness-Tracker-Girls/dp/B07YBMBXSK?dchild=1,6
Timex Unisex Expedition Classic Digital Chrono Alarm Timer Mid-Size Watch,$83.98 ,4.6 out of 5 stars,7,https://www.amazon.com/Timex-Expedition-Digital-Chrono-Alarm/dp/B00YTYI35M?dchild=1,6
Ryan's World Specials (Season 2) presented by pocket.watch,$25.21 ,4.5 out of 5 stars,1,https://www.amazon.com/Ryans-Playdate-Adventures/dp/B089Y3SMX7?dchild=1,6
Michael Kors Lexington Chronograph Stainless Steel Watch,$149.00 ,4 Stars & Up,"2,607",https://www.amazon.com/Michael-Kors-Lexington-Silver-Tone-MK8405/dp/B011PLP62O?dchild=1,6
"YMHML Clear Case Compatible with Apple Watch Series 5 Series 4 44mm with Built-in Tempered Glass Screen Protector, Thin Clear Bumper Full Coverage Cover for iWatch Accessories",$6.99 ,3 Stars & Up,81,https://www.amazon.com/YMHML-Compatible-Tempered-Protector-Accessories/dp/B087BC7VS2?dchild=1,7
Timex Women¡¯s Ironman Classic 30 Mid-Size Watch,$34.65 ,2 Stars & Up,"1,215",https://www.amazon.com/Timex-TW5M16000-Ironman-Classic-Mid-Size/dp/B071KWH23B?dchild=1,7
"tovelo Sport Loop Band Compatible with Apple Watch 38mm 40mm 42mm 44mm, Stretchy Lightweight Breathable Nylon Elastics Velcro Replacement Band Compatible with iWatch Series 5/4/3/2/1",$8.99 ,1 Star & Up,827,https://www.amazon.com/tovelo-Compatible-Lightweight-Breathable-Replacement/dp/B085453FGM?dchild=1,7
Anne Klein Women's Diamond-Accented Bangle Watch,$36.36 ,4.7 out of 5 stars,"1,036",https://www.amazon.com/Anne-Klein-1981LGSV-Diamond-Accented-Silver-Tone/dp/B07M61PW9T?dchild=1,7
"Huawei Watch GT 2 2019 Bluetooth SmartWatch, Longer Lasting 2 Weeks Battery Life, Waterproof, Compatible with iPhone and Android, 46mm No Warranty International Version (Matte Black)",$167.72 ,4.5 out of 5 stars,517,https://www.amazon.com/Huawei-SmartWatch-Waterproof-Compatible-International/dp/B07YGJYGH7?dchild=1,7
Watch Me: Proving The Boys Wrong,$0.00 ,4.3 out of 5 stars,1,https://www.amazon.com/Watch-Me-Proving-Boys-Wrong-ebook/dp/B08CY9J9PW?dchild=1,7
"Garmin Approach S20, GPS Golf Watch with Step Tracking, Preloaded Courses, Black",$156.73 ,4.6 out of 5 stars,1,https://www.amazon.com/Garmin-Approach-Tracking-Preloaded-Courses/dp/B01AX444EK?dchild=1,7
Jojo Siwa Touchscreen (Model: JOJ4128AZ),$29.99 ,4.6 out of 5 stars,"2,890",https://www.amazon.com/Jojo-Siwa-Touchscreen-Model-JOJ4128AZ/dp/B07T5GBT9W?dchild=1,7
pzoz Compatible Apple Watch Series 5 / Series 4 Case with Screen Protector 40mm Accessories Slim Guard Thin Bumper Full Coverage Matte Hard Cover Defense Edge for Women Men New Gen GPS iWatch (Black),$10.99 ,4.3 out of 5 stars,"1,946",https://www.amazon.com/pzoz-Compatible-Protector-Accessories-Coverage/dp/B07SRH9D6Q?dchild=1,7
Timex Full-Size Ironman Sleek 50 Resin Strap Watch,$29.97 ,4.5 out of 5 stars,"1,998",https://www.amazon.com/Timex-TW5M17700-Ironman-Full-Size-Magenta/dp/B079J9L22M?dchild=1,7
"LETSCOM Smart Watch, Fitness Tracker with Heart Rate Monitor, IP68 Waterproof Smartwatch 1.3"" Touch Screen, Activity Tracker Step Counter Sleep Monitor Message Call Pedometer for Women and Men",$49.99 ,4.5 out of 5 stars,"1,058",https://www.amazon.com/LETSCOM-Waterproof-Smartwatch-Activity-Pedometer/dp/B086W8K16V?dchild=1,7
Women's Angel Quartz 3 Hand White Mother of Pearl Dial Watch,$48.00 ,4.2 out of 5 stars,317,https://www.amazon.com/Invicta-Womens-28436-Angel-Quartz/dp/B07FZQY69S?dchild=1,7
LYMFHCH Men's Digital Sports Watch LED Screen Large Face Military Watches and Waterproof Casual Luminous Stopwatch Alarm Simple Army Watch,$13.99 ,4.0 out of 5 stars,13,https://www.amazon.com/LYMFHCH-Military-Waterproof-Luminous-Stopwatch/dp/B07K77NTDZ?dchild=1,7
"Potty Time: The Original Potty Watch | Newly Improved 2020 ~ Water Resistant | Toddler Toilet Training Aid, (Set Automatic Timers with Music for Gentle Reminders), Pink",$18.95 ,4.6 out of 5 stars,203,https://www.amazon.com/Potty-Time-Resistant-Automatic-Reminders/dp/B084GYX57L?dchild=1,7
Timex Men's South Street Sport Watch,$34.95 ,4.5 out of 5 stars,194,https://www.amazon.com/Timex-TW2P67400-Champagne-Stainless-Expansion/dp/B01JOOI46Y?dchild=1,7
"Garmin Forerunner 235, GPS Running Watch, Black/Red",$157.69 ,4 Stars & Up,"2,625",https://www.amazon.com/Garmin-Forerunner-Running-Watch-Black/dp/B0160BC18G?dchild=1,7
Timex Men's Easy Reader Day-Date Expansion Band Watch,$39.92 ,3 Stars & Up,"3,447",https://www.amazon.com/Timex-T20461-Silver-Tone-Stainless-Expansion/dp/B000B5459Q?dchild=1,7
"44mm?Apple?Watch?Case, Apple Watch Waterproof Case, Apple?Watch?Case?44mm?Series?5 Series?4, Apple?Watch Shockproof and Dustproof Case with Full Protection",$22.99 ,2 Stars & Up,20,https://www.amazon.com/dp/B0872P2WRK?dchild=1,7
"Fitbit Versa 2 Health and Fitness Smartwatch with Heart Rate, Music, Alexa Built-In, Sleep and Swim Tracking, Petal/Copper Rose, One Size (S and L Bands Included)",$199.52 ,1 Star & Up,"23,610",https://www.amazon.com/Fitbit-Fitness-Smartwatch-Tracking-Included/dp/B07TVC2KLW?dchild=1,7
Timex Time Machines Digital 35mm Watch,$14.98 ,4.3 out of 5 stars,292,https://www.amazon.com/Timex-Machines-Digital-Quartz-Casual/dp/B07V1PR8VL?dchild=1,7
The Watchmaker's Apprentice,$26.34 ,4.5 out of 5 stars,39,https://www.amazon.com/Watchmakers-Apprentice-John-Rhys-Davies/dp/B06Y39YSC4?dchild=1,8
"iTouch Playzoom Kids Smart Watch with Swivel Camera, Photo Filters, Video Recorder, Stopwatch, Calendar, Sound Animations, Educational and Active Games (Pink Unicorns)",$44.95 ,4.1 out of 5 stars,150,https://www.amazon.com/Playzoom-iTouch-Digital-Recorder-Unicorns/dp/B07NHLP1G8?dchild=1,8
Amazon Essentials Women's Digital Chronograph Resin Strap Watch,$9.99 ,4.4 out of 5 stars,36,https://www.amazon.com/Armitron-AE-5002BLK-deportivo-cuarzo/dp/B07YQFTYFM?dchild=1,8
"LETSCOM Smart Watch, Fitness Trackers with Heart Rate Monitor Step Calorie Counter Sleep Monitor, IP68 Waterproof Smartwatch 1.3"" Color Screen, Activity Tracker Pedometer for Women and Men",$27.99 ,4.4 out of 5 stars,509,https://www.amazon.com/LETSCOM-Trackers-Waterproof-Smartwatch-Pedometer/dp/B086JVLXRD?dchild=1,8
Casio A168WG-9 Men's Vintage Gold Metal Band Illuminator Chronograph Alarm Watch,$87.80 ,3.9 out of 5 stars,"1,013",https://www.amazon.com/Casio-A168WG-9-Vintage-Illuminator-Chronograph/dp/B00JK2O5DW?dchild=1,8
"GBPOOT Compatible for Apple Watch Band 38mm 40mm 42mm 44mm, Wristband Loop Replacement Band for Iwatch Series 4,Series 3,Series 2,Series 1,Black,42mm/44mm",$174.99 ,4.2 out of 5 stars,"8,707",https://www.amazon.com/GBPOOT-Compatible-Wristband-Replacement-Iwatch/dp/B07XTJTFMR?dchild=1,8
Michael Kors Lexington Chronograph Stainless Steel Watch,$165.00 ,4 Stars & Up,"2,607",https://www.amazon.com/Michael-Kors-Quartz-Watch-Metal/dp/B083R64PTF?dchild=1,8
Fossil Men's Grant Stainless Steel Chronograph Quartz Watch,$79.99 ,3 Stars & Up,"5,940",https://www.amazon.com/Fossil-Grant-Quartz-Stainless-Silver/dp/B07Z45T2WZ?dchild=1,8
Michael Kors Slim Runway Stainless Steel Watch,$95.50 ,2 Stars & Up,"1,675",https://www.amazon.com/Michael-Kors-Runway-Quartz-Stainless/dp/B07ZR4L9P4?dchild=1,8
Casio Men's Vintage A168WA-1 Electro Luminescence Watch,$19.92 ,1 Star & Up,"9,614",https://www.amazon.com/Casio-Vintage-A168WA-1YES-Electro-Luminescence/dp/B000LAKYW8?dchild=1,8
Casio F91W-1 Classic Resin Strap Digital Sport Watch,$11.65 ,4.7 out of 5 stars,"10,363",https://www.amazon.com/Casio-F91W-1-Classic-Resin-Digital/dp/B000GAWSDG?dchild=1,8
Michael Kors Slim Runway Three-Hand Watch,$160.68 ,4.6 out of 5 stars,"3,379",https://www.amazon.com/Michael-Kors-Womens-Quartz-Watch/dp/B083R62PYC?dchild=1,8
Invicta Men's 0074 pro Diver Analog Japanese Quartz 18k Gold-plated Stainless Steel Watch,$82.33 ,4.7 out of 5 stars,"1,159",https://www.amazon.com/Invicta-0074-Japanese-Gold-Plated-Stainless/dp/B00075U5I0?dchild=1,8
Invicta Men's 8926OB Pro Diver Stainless Steel Automatic Watch with Link Bracelet,$83.98 ,4.7 out of 5 stars,"6,452",https://www.amazon.com/Invicta-8926OB-Stainless-Automatic-Bracelet/dp/B000JQFX1G?dchild=1,8
Swatch Big Bold Quartz Silicone Strap,$110.00 ,4.6 out of 5 stars,79,https://www.amazon.com/Swatch-Big-Bold-SO27E101-transparente/dp/B088MGN792?dchild=1,8
Invicta Men's Disney Limited Edition Stainless Steel Quartz Watch with Silicone Strap,$129.99 ,4.6 out of 5 stars,15,https://www.amazon.com/Invicta-Disney-Limited-Stainless-Silicone/dp/B087RTX161?dchild=1,8
Nine West Women's Neon Silicone Strap Watch,$31.44 ,4.7 out of 5 stars,4,https://www.amazon.com/Womens-Silicone-Strap-NW-2425HPHP/dp/B081JBPM3V?dchild=1,8
"Tommy Hilfiger Women's Quartz Watch with Stainless Steel Strap, Silver, 15 (Model: 1782085)",$85.00 ,4.4 out of 5 stars,1,https://www.amazon.com/Tommy-Hilfiger-HilfigerLadies-Business-1782085/dp/B07RP33M7M?dchild=1,8
"Anne Klein Women's Easy to Read Croco-Grain Leather Strap Watch, AK/3540",$52.07 ,4.8 out of 5 stars,2,https://www.amazon.com/Anne-Klein-Croco-Grain-AK-3540CHGY/dp/B07YFFTFT8?dchild=1,8
"Timex Men's Navi XL 41mm Stainless Steel Analog Quartz Cloth Strap, Gray, 20 Casual Watch (Model: TW2U11100)",$129.00 ,5.0 out of 5 stars,1,https://www.amazon.com/Timex-Stainless-Analog-Quartz-Casual/dp/B088VYPQJY?dchild=1,8
Armitron Women's Swarovski Crystal Accented Leather Strap Watch,$32.38 ,5.0 out of 5 stars,1,https://www.amazon.com/Armitron-Swarovski-Gold-Tone-75-5725MPRGBH/dp/B081JB2TR8?dchild=1,9
"Lacoste Men's Moon Quartz Watch with Stainless Steel Strap, Blue, 20 (Model: 2011057)",$185.00 ,5.0 out of 5 stars,1,https://www.amazon.com/7146-M-Entertainment-Decoration-Poster-x23-5/dp/B00G1VXI0Q?dchild=1,9
"Letsfit Smart Watch, Fitness Tracker with Heart Rate Monitor, Activity Tracker with 1.3"" Touch Screen, IP68 Waterproof Pedometer Smartwatch with Sleep Monitor, Step Counter for Women and Men",$35.99 ,5.0 out of 5 stars,"7,554",https://www.amazon.com/Letsfit-Activity-Waterproof-Pedometer-Smartwatch/dp/B07X2KLTJ2?dchild=1,9
Casio F91W-1 Classic Resin Strap Digital Sport Watch,$11.65 ,5.0 out of 5 stars,"10,363",https://www.amazon.com/Casio-F91W-1-Classic-Resin-Digital/dp/B000GAWSDG?dchild=1,9
"Apple Watch Series 5 (GPS, 44mm) - Space Gray Aluminum Case with Black Sport Band",$414.00 ,5.0 out of 5 stars,"2,430",https://www.amazon.com/Apple-Watch-GPS-44mm-Aluminum/dp/B07XQXPF21?dchild=1,9
"Apple?Watch Series?3 (GPS, 42mm) - Space Gray Aluminum Case with Black sport Band",$199.00 ,5.0 out of 5 stars,"16,245",https://www.amazon.com/Apple-Watch-GPS-42mm-Space-Aluminium/dp/B07K387Y7K?dchild=1,9
Timex Men's Expedition Scout 40 Watch,$39.06 ,4.3 out of 5 stars,"6,022",https://www.amazon.com/Timex-TW4B15500-Expedition-Scout-Slip-Thru/dp/B07FFBHM7F?dchild=1,9
Mens Digital Sports Watch LED Screen Large Face Military Watches for Men Waterproof Casual Luminous Stopwatch Alarm Simple Army Watch,$14.99 ,4.6 out of 5 stars,"5,794",https://www.amazon.com/CakCity-Military-Waterproof-Luminous-Stopwatch/dp/B018HTGSN8?dchild=1,9
"YAMAY Smart Watch for Android and iOS Phone IP68 Waterproof, Fitness Tracker Watch with Heart Rate Monitor Step Sleep Tracker, Smartwatch Compatible with iPhone Samsung, Watch for Men Women",$34.84 ,4.8 out of 5 stars,"6,003",https://www.amazon.com/YAMAY-inteligente-resistente-card%C3%ADaco-compatible/dp/B07SK1SF81?dchild=1,9
Casio Men's 'G-Shock' Quartz Resin Sport Watch,$44.95 ,4.8 out of 5 stars,"5,239",https://www.amazon.com/Casio-G-Shock-DW9052-1BCG-Black-Resin/dp/B004IYZ17Q?dchild=1,9
"Garmin Forerunner 35; Easy-to-Use GPS Running Watch, Black",$99.00 ,4.2 out of 5 stars,"4,287",https://www.amazon.com/Garmin-Forerunner-Easy-Running-Watch/dp/B01KPUHBK6?dchild=1,9
Timex Ironman Classic 30 Full-Size 38mm Watch,$34.65 ,4.4 out of 5 stars,"4,684",https://www.amazon.com/Timex-TW5M18700-Ironman-Classic-Negative/dp/B079D86TVD?dchild=1,9
"Samsung Galaxy Watch Active2 W/ Enhanced Sleep Tracking Analysis, Auto Workout Tracking, and Pace Coaching (44mm, GPS, Bluetooth), Aqua Black - US Version with Warranty",$249.00 ,4.1 out of 5 stars,"5,334",https://www.amazon.com/Samsung-Enhanced-Tracking-Analysis-Coaching/dp/B07VQJ56T3?dchild=1,9
"LETSCOM Fitness Tracker HR, Activity Tracker Watch with Heart Rate Monitor, Waterproof Smart Fitness Band with Step Counter, Calorie Counter, Pedometer Watch for Women and Men",$27.99 ,4.7 out of 5 stars,"1,175",https://www.amazon.com/LETSCOM-Waterproof-Activity-Pedometer-Wristband/dp/B07FKBB8YQ?dchild=1,9
Timex Unisex Weekender 38mm Watch,$30.55 ,4.4 out of 5 stars,"10,754",https://www.amazon.com/Timex-Unisex-T2N651-Weekender-Slip-Thru/dp/B004VR9HP2?dchild=1,9
"LETSCOM Smart Watch Fitness Tracker Heart Rate Monitor Step Calorie Counter Sleep Monitor Music Control IP68 Water Resistant 1.3"" Color Touch Screen Activity Tracking Pedometer for Women Men",$30.59 ,4.5 out of 5 stars,"2,657",https://www.amazon.com/LETSCOM-Resistant-Activity-Tracking-Pedometer/dp/B07WZQP556?dchild=1,9
Timex Women's Indiglo Easy Reader Quartz Analog Leather Strap Watch with Date Feature,$29.25 ,4.6 out of 5 stars,"5,563",https://www.amazon.com/Timex-T2H331-Indiglo-Leather-Silver-Tone/dp/B000AYW0M2?dchild=1,9
Men's Digital Sports Watch Large Face Waterproof Wrist Watches for Men with Stopwatch Alarm LED Back Light,$15.99 ,3.9 out of 5 stars,635,https://www.amazon.com/Digital-Sports-Waterproof-Watches-Stopwatch/dp/B07XTPT3QL?dchild=1,9
The Watch,$82.73 ,4 Stars & Up,"1,469",https://www.amazon.com/Watch-Ben-Stiller/dp/B00A6N773O?dchild=1,9
Fossil Men's Grant Stainless Steel Chronograph Quartz Watch,$11.00 ,3 Stars & Up,1,https://www.amazon.com/Fossil-Quartz-Stainless-Leather-Chronograph/dp/B008AXURAW?dchild=1,9
"Casio Men's Classic Quartz Watch with Resin Strap, Black, 20 (Model: EAW-MQ-24-7B2)",$25.99 ,2 Stars & Up,1,https://www.amazon.com/Casio-EAW-MQ-24-7B2-pulsera-hombre-mecanismo/dp/B000GB0G7A?dchild=1,10
"Willful Fitness Tracker 2020 New Version IP68 Waterproof, Fitness Watch Heart Rate Monitor with Calories/Step Counter Sleep Tracker Stopwatch Health Tracker Fit Watch for Men Women Kids",$14.96 ,1 Star & Up,1,https://www.amazon.com/Willful-Fitness-Waterproof-Calories-Stopwatch/dp/B082WTSRH3?dchild=1,10
Casio Men's W800H-1AV Classic Sport Watch with Black Band,$24.99 ,4.3 out of 5 stars,"5,940",https://www.amazon.com/Casio-Quartz-Resin-Sport-Watch/dp/B001AWZDA4?dchild=1,10
"Black Military Analog Wrist Watch for Men, Mens Army Tactical Field Sport Watches Work Watch, Waterproof Outdoor Casual Quartz Wristwatch - Imported Japanese Movement, 5ATM Waterproof",$176.14 ,4.6 out of 5 stars,"2,553",https://www.amazon.com/Military-Tactical-Watches-Waterproof-Wristwatch/dp/B07XPC8BG3?dchild=1,10
Michael Kors Slim Runway Stainless Steel Watch,$239.00 ,4.4 out of 5 stars,144,https://www.amazon.com/Michael-Kors-Runway-Black-MK8507/dp/B01HEVAPSO?dchild=1,10
"Samsung Galaxy Watch smartwatch (46mm, GPS, Bluetooth) ¨C Silver/Black (US Version with Warranty)",$31.85 ,4.2 out of 5 stars,"6,795",https://www.amazon.com/Samsung-Galaxy-Plateado-Bluetooth-SM-R800NZSAXAR/dp/B07FTKJCMT?dchild=1,10
Watchmen,$65.00 ,4.6 out of 5 stars,275,https://www.amazon.com/Watchmen-Malin-Akerman/dp/B002IXA5KW?dchild=1,10
Apple Watch Magnetic Charging Cable (2M),$59.99 ,4.4 out of 5 stars,"1,675",https://www.amazon.com/Apple-Watch-Magnetic-Charging-Cable/dp/B07XK1PWXY?dchild=1,10
Anne Klein Women's Bracelet Watch,$248.99 ,4.7 out of 5 stars,"6,251",https://www.amazon.com/Anne-Klein-AK-2158GNRG-Gold-Tone/dp/B07BZFWVRB?dchild=1,10
Fossil Men's Nate Stainless Steel Chronograph Quartz Watch,$153.16 ,4.4 out of 5 stars,"4,067",https://www.amazon.com/Fossil-Quartz-Stainless-Steel-Chronograph/dp/B008AXYWHQ?dchild=1,10
"Letsfit Smart Watch, GPS Running Watch with Blood Oxygen Monitor, Fitness Tracker with Heart Rate Monitor, Swimming Tracking Smartwatch with Pedometer, Calorie Counter for Women Men",$17.99 ,4.4 out of 5 stars,1,https://www.amazon.com/Letsfit-Swimming-Tracking-Smartwatch-Pedometer/dp/B089QHS16H?dchild=1,10
Fossil Men's Machine Stainless Steel Chronograph Quartz Watch,$81.24 ,4 Stars & Up,"3,187",https://www.amazon.com/Fossil-FS5251SET-Machine-Chronograph-Bracelet/dp/B01L3AZ5VE?dchild=1,10
Casio Women's LRW200H-7BVCF Watch,$20.50 ,3 Stars & Up,"5,304",https://www.amazon.com/Casio-Womens-LRW200H-7BVCF-Sport-Watch/dp/B00791QYMQ?dchild=1,10
"Willful Smart Watch for Men Women 2020 Version IP68 Waterproof, Fitness Tracker Heart Rate Monitor Sport Digital Watch, Smartwatch for Android Phones and iOS Phones Compatible iPhone Samsung (Pink)",$34.99 ,2 Stars & Up,62,https://www.amazon.com/Willful-Version-Waterproof-Smartwatch-Compatible/dp/B086MYGTM9?dchild=1,10
Timex Expedition Scout 36mm Watch,$37.80 ,1 Star & Up,724,https://www.amazon.com/Timex-Unisex-TW4B13900-Expedition-Scout/dp/B079DBW2H1?dchild=1,10
"iiteeology Compatible with Apple Watch Band 42mm 44mm, Upgraded Version Solid Stainless Steel Band Business Replacement iWatch Strap for Apple Watch Series 5/4/3/2/1 - Space Gray",$21.99 ,4.6 out of 5 stars,"4,041",https://www.amazon.com/iiteeology-Compatible-Upgraded-Stainless-Replacement/dp/B07MTYH1HR?dchild=1,10
Digital Sports Watch Water Resistant Outdoor Easy Read Military Back Light Black Big Face Men's 1167,$10.99 ,4.4 out of 5 stars,"1,642",https://www.amazon.com/Digital-Sports-Resistant-Outdoor-Military/dp/B01E6I3Q0W?dchild=1,10
"Casio Men's G-Shock Quartz Watch with Resin Strap, Black, 20 (Model: DW5600E-1V)",$51.74 ,4.6 out of 5 stars,"6,770",https://www.amazon.com/Casio-G-shock-DW5600E-1V-Shock-Resistant/dp/B000GAYQKY?dchild=1,10
Timex Men's Expedition Field Chronograph Watch,$49.99 ,4.3 out of 5 stars,"4,362",https://www.amazon.com/Timex-TW4B10200-Expedition-Chrono-Canvas/dp/B01JO75SJC?dchild=1,10
"Vigorun Smart Watch Fitness Tracker with Heart Rate Monitor, 1.3'' Full Touch Screen Sleep Tracker, Pedometer, 14 Days Battery Life, 5ATM Waterproof Fitness Watch Activity Tracker for Mem Women Black",$32.89 ,4.6 out of 5 stars,138,https://www.amazon.com/Vigorun-Fitness-Pedometer-Waterproof-Activity/dp/B087R3KNFM?dchild=1,10
Nine West Women's Strap Watch,$10.99 ,4.5 out of 5 stars,"1,219",https://www.amazon.com/Nine-West-NW-1994RGGY-Gold-Tone/dp/B06WWNCP12?dchild=1,11
"[2-Pack] Julk Black Hard Case for Apple Watch Series 3 / Series 2 Screen Protector 42mm, Hard PC Case Slim Tempered Glass Screen Protector Overall Protective Cover for iwatch Series 3/2",$39.92 ,4.7 out of 5 stars,126,https://www.amazon.com/Julk-Protector-Tempered-Overall-Protective/dp/B0888QXL78?dchild=1,11
Timex Women's Easy Reader Date Expansion Band Watch,$39.88 ,4.1 out of 5 stars,"4,197",https://www.amazon.com/Timex-T2H381-Two-Tone-Stainless-Expansion/dp/B000AYW0KO?dchild=1,11
"Blackview Smart Watch for Android Phones and iOS Phones, All-Day Activity Tracker with Heart Rate Sleep Monitor, 1.3"" Full Touch Screen, 5ATM Waterproof Pedometer, Smartwatch for Men Women",$156.34 ,4.8 out of 5 stars,701,https://www.amazon.com/Blackview-Activity-Waterproof-Pedometer-Smartwatch/dp/B0827YD3DC?dchild=1,11
"Garmin v¨ªvoactive 3, GPS Smartwatch with Contactless Payments and Built-in Sports Apps, White/Rose Gold",$99.00 ,4.6 out of 5 stars,"6,930",https://www.amazon.com/Garmin-v%C3%ADvoactive-Smartwatch-Contactless-Payments/dp/B07CVJ68GP?dchild=1,11
Michael Kors Slim Runway Three-Hand Watch,$34.99 ,4.8 out of 5 stars,"3,379",https://www.amazon.com/Michael-Kors-Womens-Runway-Stainless/dp/B07SZX562R?dchild=1,11
Nine West Women's Rubberized Bracelet Watch,$28.69 ,4 Stars & Up,241,https://www.amazon.com/Nine-West-NW-2274MAPK-Rubberized/dp/B07MZ82MMM?dchild=1,11
Timex Men's Easy Reader Leather Strap 38mm Watch,$32.50 ,3 Stars & Up,"1,529",https://www.amazon.com/Timex-TW2P75900-Reader-Silver-Tone-Leather/dp/B00YTY4AI6?dchild=1,11
"SANAG Smart Watch,Watches for iOS Android Phones Fitness Tracker Step Counter Calorie Sleep Health Monitor,Full Touch Screen Waterproof Sport Smartwatches,Compatible with iPhone Samsung Women Men",$109.99 ,2 Stars & Up,35,https://www.amazon.com/Watches-Android-Waterproof-Smartwatches-Compatible/dp/B089S51Z5L?dchild=1,11
Timex Weekender Chronograph 40mm Watch,$57.49 ,1 Star & Up,"2,102",https://www.amazon.com/Timex-Weekender-Chrono-Analog-Quartz-Leather/dp/B01JO766FW?dchild=1,11
"VTech KidiZoom Smartwatch DX2, Pink",$45.99 ,4.4 out of 5 stars,"3,616",https://www.amazon.com/VTech-Kidizoom-Smartwatch-DX2-Pink/dp/B071JQ6LCC?dchild=1,11
Ryan's World Specials (Season 4) presented by pocket.watch,$31.88 ,4.5 out of 5 stars,1,https://www.amazon.com/Ryans-Cartoon-Life/dp/B08B49HJQ5?dchild=1,11
Nine West Women's Strap Watch,$49.99 ,5.0 out of 5 stars,1,https://www.amazon.com/Nine-West-Gold-Tone-NW-2346GPBK/dp/B07T4GYVFD?dchild=1,11
"Lintelek Smart Watch for Android and iOS Phone, 1.3 Inch Round Touch Screen Smartwatch with Heart Rate Monitor, Fitness Tracker 5 ATM Waterproof, Step Counter for Men and Women",$9.77 ,4.2 out of 5 stars,146,https://www.amazon.com/Lintelek-Android-iOS-Smartwatch-Waterproof/dp/B086R23S3R?dchild=1,11
"Watches: How To Design, Manufacture and Build a Brand: Go from Collector to Designer and Manufacturer of Watches with this Practical Guide.",$19.99 ,4.5 out of 5 stars,139,https://www.amazon.com/Watches-Manufacture-Collector-Manufacturer-Practical-ebook/dp/B01E34R8S0?dchild=1,11
"Samsung Galaxy Watch Active - 40mm, IP68 Water Resistant, Wireless Charging, SM-R500N International Version (Black)",$31.00 ,4.6 out of 5 stars,1,https://www.amazon.com/Samsung-Galaxy-Watch-Active-International/dp/B07QNTZJLK?dchild=1,11
Fossil Women's Riley Stainless Steel Multifunction Glitz Quartz Watch,$150.00 ,4.7 out of 5 stars,10,https://www.amazon.com/Fossil-Womens-Riley-Quartz-Stainless-Steel-Plated/dp/B07M7P7VLX?dchild=1,11
"MakerFocus WiFi Test Tool ESP8266 WiFi Deauther Watch DSTIKE NodeMCU ESP8266 Programmable Development Board Built in 500mAh Battery with OLED Dispaly, Wristband and 3D Printing Case",$81.76 ,3.6 out of 5 stars,517,https://www.amazon.com/MakerFocus-Deauther-Programmable-Development-Wristband/dp/B081Q6BGHN?dchild=1,11
Watch Dogs Legion - PlayStation 4 Gold Steelbook Edition,$40.99 ,4.4 out of 5 stars,"4,633",https://www.amazon.com/Watch-Dogs-Legion-PlayStation-Gold-Steelbook/dp/B07SK4LCDM?dchild=1,11
Nixon Time Teller A045. 100m Water Resistant Watch (37mm Stainless Steel Watch Face),$109.99 ,4.6 out of 5 stars,37,https://www.amazon.com/NIXON-Time-Teller-A076-19-5mm-18mm/dp/B07QX35N24?dchild=1,11
"Military Analog Wrist Watch for Men, Mens Army Tactical Field Sport Watches Work Watch, Outdoor Casual Quartz Wristwatch - Imported Japanese Movement, 5ATM Waterproof",$29.99 ,4.6 out of 5 stars,"1,468",https://www.amazon.com/Military-Tactical-Watches-Outdoor-Wristwatch/dp/B0889KBD6L?dchild=1,12
Timex Women's Ironman Transit 33mm Watch,$21.99 ,4.6 out of 5 stars,55,https://www.amazon.com/Timex-TW5M19900-Ironman-Mid-Size-Gold-Tone/dp/B07FF9TLMT?dchild=1,12
"SUPCASE [Unicorn Beetle Pro] Case for Apple Watch 3, Rugged Protective Case with Strap Bands for Apple Watch Series 3 2017 Edition [42mm, Compatible with Apple Watch 42mm 2015 2016 ] (Black)",$18.99 ,4 Stars & Up,"6,502",https://www.amazon.com/SUPCASE-Unicorn-Beetle-Protective-Compatible/dp/B077D118JY?dchild=1,12
"Garmin Instinct, Rugged Outdoor Watch with GPS, Features GLONASS and Galileo, Heart Rate Monitoring and 3-Axis Compass, Graphite",$238.95 ,3 Stars & Up,"4,036",https://www.amazon.com/Garmin-Instinct-Features-Monitoring-Graphite/dp/B07HYX9P88?dchild=1,12
"Smart Watch Compatible with iPhone and Android Phones, IP67 Waterproof, Fitness Tracker Watch with Pedometer Heart Rate Monitor Blood Oxygen Sleep Tracker, Smartwatch for Men Women Kids",$33.49 ,2 Stars & Up,329,https://www.amazon.com/inteligente-compatible-resistente-seguimiento-frecuencia/dp/B07T3L5ZX6?dchild=1,12
Timex Boys Time Machines Analog Elastic Fabric Strap Watch,$18.99 ,1 Star & Up,"1,871",https://www.amazon.com/Timex-TW7C05800-Machines-Stripes-Elastic/dp/B00YTYJ6NA?dchild=1,12
Men's Digital Sports Watch Military Electronic Waterproof Wrist Watches for Men with Stopwatch Alarm LED Backlight,$13.99 ,4.5 out of 5 stars,162,https://www.amazon.com/Military-Electronic-Waterproof-Stopwatch-Backlight/dp/B07Y3V5C36?dchild=1,12
Nine West Women's NW/1981 Sunray Dial Mesh Bracelet Watch,$32.46 ,4.6 out of 5 stars,"1,259",https://www.amazon.com/Nine-West-NW-1980CHGB-Gold-Tone/dp/B06XDPN2VN?dchild=1,12
Armitron Sport Women's 45/7012 Digital Chronograph Watch,$19.99 ,3.8 out of 5 stars,"4,605",https://www.amazon.com/Armitron-Sport-45-7012TEL-Chronograph/dp/B0185UMQMQ?dchild=1,12
"Apple Watch Series 5 (GPS?+?Cellular, 44mm) - ? Stainless Steel Case with ?Milanese Loop",$749.00 ,4.2 out of 5 stars,51,https://www.amazon.com/Apple-Watch-Serie-Celular-44mm/dp/B07XQSTXDY?dchild=1,12
"Anbes Health and Fitness Smartwatch with Heart Rate Monitor, Smart Watch for Home Fitness Tracking, Yoga, Exercise Bike, Treadmill Running, Compatible with iPhone and Android Phones for Women Men",$30.59 ,4.4 out of 5 stars,"1,687",https://www.amazon.com/Waterproof-Fitness-Tracker-Smartwatch-Compatible/dp/B07Y81FK48?dchild=1,12
"Invicta Men's Pro Diver Quartz Watch with Stainless Steel Strap, Silver, 20 (Model: 26970)",$79.00 ,4.3 out of 5 stars,533,https://www.amazon.com/Invicta-26970-Diver-Quartz-Black/dp/B07FCLBWD9?dchild=1,12
"Citizen Eco-Drive Chandler Field Watch for Men, BM8180-03E",$171.85 ,4.1 out of 5 stars,"3,495",https://www.amazon.com/Citizen-Eco-Drive-Stainless-display-BM8180-03E/dp/B000EQS1JW?dchild=1,12
"Men¡¯s Military Watch, Dual-Display Waterproof Sports Digital Watch Big Wrist for Men with Alarm",$19.99 ,4.8 out of 5 stars,463,https://www.amazon.com/Military-Dual-Display-Waterproof-Sports-Digital/dp/B07QVXWX58?dchild=1,12
Casio Men's F108WH Illuminator Collection Black Resin Strap Digital Watch,$44.97 ,4.2 out of 5 stars,"2,157",https://www.amazon.com/Casio-F108WH-Illuminator-Collection-Digital/dp/B0053HBJBE?dchild=1,12
Amazon Fire TV with 4K Ultra HD,$87.98 ,4.4 out of 5 stars,"36,878",https://www.amazon.com/Amazon-Fire-TV-Streaming-Media-Player/dp/B00U3FPN4U?dchild=1,12
Casio- Analog Sport Watch,$18.50 ,4 Stars & Up,"6,710",https://www.amazon.com/Casio-MRW200H-1BV-Black-Resin-Watch/dp/B005JVP0LE?dchild=1,12
Citizen Watches Men's BN0151-09L Promaster Professional Diver,$221.25 ,3 Stars & Up,"1,421",https://www.amazon.com/Citizen-Eco-Drive-Promaster-Diver-BN0151-09L/dp/B00PXVU3GM?dchild=1,12
"Fitbit Inspire HR Heart Rate and Fitness Tracker, One Size (S and L Bands Included), 1 Count",$69.95 ,2 Stars & Up,"16,181",https://www.amazon.com/Fitbit-Inspire-Fitness-Tracker-included/dp/B07MM5W7Q8?dchild=1,12
Kids Diana Show presented by pocket.watch,$12.95 ,1 Star & Up,1,https://www.amazon.com/Diana-Romas-Magic-Building-Blocks/dp/B08BND6FHC?dchild=1,12
"Updated Version Watch Charger, Powlaken Charging Cable MFi Certified Magnetic Wireless Portable Charger Charging Cable Cord Compatible for Apple Watch Series 5 4 3 2 1",$45.02 ,4.3 out of 5 stars,"5,470",https://www.amazon.com/Powlaken-Charging-Certified-Magnetic-Compatible/dp/B07ZNT29ZF?dchild=1,13
Anne Klein Women's Genuine Diamond Dial Bracelet Watch,$30.55 ,4.7 out of 5 stars,"2,503",https://www.amazon.com/Anne-Klein-AK-1362CHGB-Gold-Tone/dp/B00AJS4L3U?dchild=1,13
Timex Men's Easy Reader Date Leather Strap Watch,$23.99 ,4.3 out of 5 stars,"4,749",https://www.amazon.com/Timex-T2H281-Reader-Black-Leather/dp/B000AYYIYU?dchild=1,13
"BIGGERFIVE Fitness Tracker Watch for Kids Girls Boys Teens, Activity Tracker, Pedometer, Calorie Counter, Sleep Monitor, Vibrating Alarm Clock,IP67 Waterproof Step Counter Watch, Great Kids Gift",$93.48 ,4.1 out of 5 stars,"1,013",https://www.amazon.com/BIGGERFIVE-Activity-Pedometer-Vibrating-Waterproof/dp/B07TW4P9ZK?dchild=1,13
Michael Kors Bradshaw Stainless Steel 43MM Chronograph Watch,$11.88 ,4.6 out of 5 stars,"2,632",https://www.amazon.com/MK6719/dp/B07SZWV4WW?dchild=1,13
Casio Women's LQ139A-1B3 Black Classic Resin Watch,$130.59 ,4.3 out of 5 stars,"1,920",https://www.amazon.com/Casio-Womens-LQ139A-1B3-Black-Classic/dp/B000GB0G2K?dchild=1,13
"Casio Men's Pro Trek Bluetooth Connected Quartz Sport Watch with Resin Strap, 22.2 (Model: PRT-B50-1CR)",$14.99 ,4.4 out of 5 stars,75,https://www.amazon.com/Casio-Bluetooth-Connected-Quartz-Sport/dp/B07WPFN8PJ?dchild=1,13
Spigen Liquid Air Armor Designed for Samsung Galaxy Watch Active 2 Case 44mm (2019) - Black,$65.93 ,4.6 out of 5 stars,"1,153",https://www.amazon.com/Spigen-Liquid-Designed-Samsung-Galaxy/dp/B07YBMVVLT?dchild=1,13
Fossil Women Jacqueline Stainless Steel and Leather Casual Quartz Watch,$9.34 ,3.9 out of 5 stars,"1,383",https://www.amazon.com/Fossil-Jacqueline-cuarzo-inoxidable-Equipaje/dp/B0725JPR4Z?dchild=1,13
"Misxi Black Hard Case Compatible with Apple Watch Series 5 Series 4 44mm with Screen Protector, Hard PC Case Slim Tempered Glass Screen Protector Overall Protective Cover for iwatch Series 5/4",$69.95 ,4.4 out of 5 stars,"5,843",https://www.amazon.com/Misxi-Compatible-Protector-Tempered-Protective/dp/B07WRBDXZ8?dchild=1,13
Casio Men's 'G Shock' Quartz Resin Casual Watch,$36.40 ,4.6 out of 5 stars,"1,294",https://www.amazon.com/Casio-Shock-Quartz-Resin-Casual/dp/B01LEEEFM4?dchild=1,13
M1 2 in 1 Smart Bracelet Wireless Bluetooth Headset Combo Running Music Wristband Earphone Heart Rate Blood Pressure Fitness Tracker (Black),$55.99 ,4 Stars & Up,61,https://www.amazon.com/Bracelet-Wireless-Bluetooth-Wristband-Earphone/dp/B07ZKLYCZM?dchild=1,13
"YAMAY Smart Watch 2020 Ver. Watches for Men Women Fitness Tracker Blood Pressure Monitor Blood Oxygen Meter Heart Rate Monitor IP68 Waterproof, Smartwatch Compatible with iPhone Samsung Android Phones",$48.99 ,3 Stars & Up,549,https://www.amazon.com/YAMAY-Version-Pressure-Smartwatch-Compatible/dp/B087C1R9QW?dchild=1,13
Fossil Men's Neutra Chronograph Stainless Steel Watch,$95.93 ,2 Stars & Up,334,https://www.amazon.com/Fossil-Neutra-Chrono-Quartz-Stainless/dp/B075QFF5BV?dchild=1,13
Kids Smartwatch for Boys Girls - Smart Watch for Kids with 7 Games Music Player Camera School Mode SOS Phone Watch for 4-12 Students Children as Birthday Gift (Black),$35.99 ,1 Star & Up,65,https://www.amazon.com/Kids-Smartwatch-Boys-Girls-Students/dp/B0876MCZXB?dchild=1,13
"Smart Watch, Bluetooth Smartwatch Touch Screen Wrist Watch with Camera/SIM Card Slot,Waterproof Smart Watch Sports Fitness Tracker Android Phone Watch Compatible with Android Phones Samsung Huawei",$35.98 ,3.0 out of 5 stars,"5,643",https://www.amazon.com/Bluetooth-Smartwatch-Waterproof-Fitness-Compatible/dp/B088W8WDWC?dchild=1,13
Casio Men's,$290.00 ,4.3 out of 5 stars,"2,295",https://www.amazon.com/G-Shock-GA100CF-8A-modelos-especiales-Gris-Camuflado/dp/B00KJ8IKJQ?dchild=1,13
"Garmin v¨ªvoactive 4S, Smaller-Sized GPS Smartwatch, Features Music, Body Energy Monitoring, Animated Workouts, Pulse Ox Sensors and More, Silver with Gray Band",$399.00 ,4.5 out of 5 stars,839,https://www.amazon.com/Garmin-v%C3%ADvoactive-Smaller-Sized-Smartwatch-Monitoring/dp/B07W7W9DQQ?dchild=1,13
"Samsung Galaxy Watch Active2 W/ Enhanced Sleep Tracking Analysis, Auto Workout Tracking, and Pace Coaching (44mm, GPS, Bluetooth, Unlocked LTE), Aqua Black - US Version with Warranty",$5.99 ,4.8 out of 5 stars,19,https://www.amazon.com/Samsung-Enhanced-Tracking-Analysis-Bluetooth/dp/B07YXSBJMZ?dchild=1,13
"VATI Sport Band Compatible for Apple Watch Band 38mm 40mm 42mm 44mm, Soft Silicone Sport Strap Replacement Bands Compatible with iWatch Apple Watch Series 5/4/ 3/2/ 1 All Models",$31.44 ,4.3 out of 5 stars,"11,684",https://www.amazon.com/VATI-Compatible-Silicone-Replacement-iWatch/dp/B07PBYZ1SC?dchild=1,13
"YAMAY Smart Watch Fitness Tracker Watches for Men Women, Fitness Watch Heart Rate Monitor IP68 Waterproof Digital Watch with Step Calories Sleep Tracker, Smartwatch Compatible iPhone","$7,940.00 ",4.6 out of 5 stars,"1,101",https://www.amazon.com/YAMAY-Fitness-Waterproof-Smartwatch-Compatible/dp/B082LTBZS1?dchild=1,14
Rolex Yacht-Master Mechanical (Automatic) Platinun Dial Mens Watch 16622 (Pre-Owned),$29.95 ,4.3 out of 5 stars,121,https://www.amazon.com/Rolex-Yacht-Master-Mechanical-Automatic-Pre-Owned/dp/B00KLBZO3G?dchild=1,14
"Inspiratek Kids Fitness Tracker for Girls and Boys Age 5-16 (4 Colors)- Waterproof Fitness Watch for Kids with Heart Rate Monitor, Sleep Monitor, Calorie Counter and More - Kids Activity Tracker",$36.40 ,4.5 out of 5 stars,"2,391",https://www.amazon.com/Inspiratek-Kids-Fitness-Tracker-Girls/dp/B07YBMBXSK?dchild=1,14
Timex Unisex Expedition Classic Digital Chrono Alarm Timer Mid-Size Watch,$83.98 ,4.6 out of 5 stars,7,https://www.amazon.com/Timex-Expedition-Digital-Chrono-Alarm/dp/B00YTYI35M?dchild=1,14
Ryan's World Specials (Season 2) presented by pocket.watch,$25.21 ,4.5 out of 5 stars,1,https://www.amazon.com/Ryans-Playdate-Adventures/dp/B089Y3SMX7?dchild=1,14
Michael Kors Lexington Chronograph Stainless Steel Watch,$149.00 ,4 Stars & Up,"2,607",https://www.amazon.com/Michael-Kors-Lexington-Silver-Tone-MK8405/dp/B011PLP62O?dchild=1,14
"YMHML Clear Case Compatible with Apple Watch Series 5 Series 4 44mm with Built-in Tempered Glass Screen Protector, Thin Clear Bumper Full Coverage Cover for iWatch Accessories",$6.99 ,3 Stars & Up,81,https://www.amazon.com/YMHML-Compatible-Tempered-Protector-Accessories/dp/B087BC7VS2?dchild=1,14
Timex Women¡¯s Ironman Classic 30 Mid-Size Watch,$34.65 ,2 Stars & Up,"1,215",https://www.amazon.com/Timex-TW5M16000-Ironman-Classic-Mid-Size/dp/B071KWH23B?dchild=1,14
"tovelo Sport Loop Band Compatible with Apple Watch 38mm 40mm 42mm 44mm, Stretchy Lightweight Breathable Nylon Elastics Velcro Replacement Band Compatible with iWatch Series 5/4/3/2/1",$8.99 ,1 Star & Up,827,https://www.amazon.com/tovelo-Compatible-Lightweight-Breathable-Replacement/dp/B085453FGM?dchild=1,14
Anne Klein Women's Diamond-Accented Bangle Watch,$36.36 ,4.7 out of 5 stars,"1,036",https://www.amazon.com/Anne-Klein-1981LGSV-Diamond-Accented-Silver-Tone/dp/B07M61PW9T?dchild=1,14
"Huawei Watch GT 2 2019 Bluetooth SmartWatch, Longer Lasting 2 Weeks Battery Life, Waterproof, Compatible with iPhone and Android, 46mm No Warranty International Version (Matte Black)",$167.72 ,4.5 out of 5 stars,517,https://www.amazon.com/Huawei-SmartWatch-Waterproof-Compatible-International/dp/B07YGJYGH7?dchild=1,14
Watch Me: Proving The Boys Wrong,$0.00 ,4.3 out of 5 stars,1,https://www.amazon.com/Watch-Me-Proving-Boys-Wrong-ebook/dp/B08CY9J9PW?dchild=1,14
"Garmin Approach S20, GPS Golf Watch with Step Tracking, Preloaded Courses, Black",$156.73 ,4.6 out of 5 stars,1,https://www.amazon.com/Garmin-Approach-Tracking-Preloaded-Courses/dp/B01AX444EK?dchild=1,14
Jojo Siwa Touchscreen (Model: JOJ4128AZ),$29.99 ,4.6 out of 5 stars,"2,890",https://www.amazon.com/Jojo-Siwa-Touchscreen-Model-JOJ4128AZ/dp/B07T5GBT9W?dchild=1,14
pzoz Compatible Apple Watch Series 5 / Series 4 Case with Screen Protector 40mm Accessories Slim Guard Thin Bumper Full Coverage Matte Hard Cover Defense Edge for Women Men New Gen GPS iWatch (Black),$10.99 ,4.3 out of 5 stars,"1,946",https://www.amazon.com/pzoz-Compatible-Protector-Accessories-Coverage/dp/B07SRH9D6Q?dchild=1,14
Timex Full-Size Ironman Sleek 50 Resin Strap Watch,$29.97 ,4.5 out of 5 stars,"1,998",https://www.amazon.com/Timex-TW5M17700-Ironman-Full-Size-Magenta/dp/B079J9L22M?dchild=1,14
"LETSCOM Smart Watch, Fitness Tracker with Heart Rate Monitor, IP68 Waterproof Smartwatch 1.3"" Touch Screen, Activity Tracker Step Counter Sleep Monitor Message Call Pedometer for Women and Men",$49.99 ,4.5 out of 5 stars,"1,058",https://www.amazon.com/LETSCOM-Waterproof-Smartwatch-Activity-Pedometer/dp/B086W8K16V?dchild=1,14
Women's Angel Quartz 3 Hand White Mother of Pearl Dial Watch,$48.00 ,4.2 out of 5 stars,317,https://www.amazon.com/Invicta-Womens-28436-Angel-Quartz/dp/B07FZQY69S?dchild=1,14
LYMFHCH Men's Digital Sports Watch LED Screen Large Face Military Watches and Waterproof Casual Luminous Stopwatch Alarm Simple Army Watch,$13.99 ,4.0 out of 5 stars,13,https://www.amazon.com/LYMFHCH-Military-Waterproof-Luminous-Stopwatch/dp/B07K77NTDZ?dchild=1,14
"Potty Time: The Original Potty Watch | Newly Improved 2020 ~ Water Resistant | Toddler Toilet Training Aid, (Set Automatic Timers with Music for Gentle Reminders), Pink",$18.95 ,4.6 out of 5 stars,203,https://www.amazon.com/Potty-Time-Resistant-Automatic-Reminders/dp/B084GYX57L?dchild=1,14
Timex Men's South Street Sport Watch,$34.95 ,4.5 out of 5 stars,194,https://www.amazon.com/Timex-TW2P67400-Champagne-Stainless-Expansion/dp/B01JOOI46Y?dchild=1,15
"Garmin Forerunner 235, GPS Running Watch, Black/Red",$157.69 ,4 Stars & Up,"2,625",https://www.amazon.com/Garmin-Forerunner-Running-Watch-Black/dp/B0160BC18G?dchild=1,15
Timex Men's Easy Reader Day-Date Expansion Band Watch,$39.92 ,3 Stars & Up,"3,447",https://www.amazon.com/Timex-T20461-Silver-Tone-Stainless-Expansion/dp/B000B5459Q?dchild=1,15
"44mm?Apple?Watch?Case, Apple Watch Waterproof Case, Apple?Watch?Case?44mm?Series?5 Series?4, Apple?Watch Shockproof and Dustproof Case with Full Protection",$22.99 ,2 Stars & Up,20,https://www.amazon.com/dp/B0872P2WRK?dchild=1,15
"Fitbit Versa 2 Health and Fitness Smartwatch with Heart Rate, Music, Alexa Built-In, Sleep and Swim Tracking, Petal/Copper Rose, One Size (S and L Bands Included)",$199.52 ,1 Star & Up,"23,610",https://www.amazon.com/Fitbit-Fitness-Smartwatch-Tracking-Included/dp/B07TVC2KLW?dchild=1,15
Timex Time Machines Digital 35mm Watch,$14.98 ,4.3 out of 5 stars,292,https://www.amazon.com/Timex-Machines-Digital-Quartz-Casual/dp/B07V1PR8VL?dchild=1,15
The Watchmaker's Apprentice,$26.34 ,4.5 out of 5 stars,39,https://www.amazon.com/Watchmakers-Apprentice-John-Rhys-Davies/dp/B06Y39YSC4?dchild=1,15
"iTouch Playzoom Kids Smart Watch with Swivel Camera, Photo Filters, Video Recorder, Stopwatch, Calendar, Sound Animations, Educational and Active Games (Pink Unicorns)",$44.95 ,4.1 out of 5 stars,150,https://www.amazon.com/Playzoom-iTouch-Digital-Recorder-Unicorns/dp/B07NHLP1G8?dchild=1,15
Amazon Essentials Women's Digital Chronograph Resin Strap Watch,$9.99 ,4.4 out of 5 stars,36,https://www.amazon.com/Armitron-AE-5002BLK-deportivo-cuarzo/dp/B07YQFTYFM?dchild=1,15
"LETSCOM Smart Watch, Fitness Trackers with Heart Rate Monitor Step Calorie Counter Sleep Monitor, IP68 Waterproof Smartwatch 1.3"" Color Screen, Activity Tracker Pedometer for Women and Men",$27.99 ,4.4 out of 5 stars,509,https://www.amazon.com/LETSCOM-Trackers-Waterproof-Smartwatch-Pedometer/dp/B086JVLXRD?dchild=1,15
Casio A168WG-9 Men's Vintage Gold Metal Band Illuminator Chronograph Alarm Watch,$87.80 ,3.9 out of 5 stars,"1,013",https://www.amazon.com/Casio-A168WG-9-Vintage-Illuminator-Chronograph/dp/B00JK2O5DW?dchild=1,15
"GBPOOT Compatible for Apple Watch Band 38mm 40mm 42mm 44mm, Wristband Loop Replacement Band for Iwatch Series 4,Series 3,Series 2,Series 1,Black,42mm/44mm",$174.99 ,4.2 out of 5 stars,"8,707",https://www.amazon.com/GBPOOT-Compatible-Wristband-Replacement-Iwatch/dp/B07XTJTFMR?dchild=1,15
"Latest 2020 Wireless Charger, Powlaken 3 in 1 Qi-Certified Wireless Charging Station for AirPods Pro Apple Watch Series 5/4/3/2/1,Fast Wireless Charging Stand for iPhone 11 Pro/11 Pro Max/XS Max/XR/X",$69.00 ,4.0 out of 5 stars,"1,395",https://www.amazon.com/Updated-Version-Wireless-Charging-Qi-Certified/dp/B08341HQK3?dchild=1,15
"Mgaolo Fitness Tracker with Blood Pressure Heart Rate Sleep Monitor,IP68 Waterproof Activity Tracker Smart Watch with Pedometer Calorie Step Counter Compatible with iPhone and Android Phones",$36.88 ,4 Stars & Up,419,https://www.amazon.com/Mgaolo-Pressure-Waterproof-Pedometer-Compatible/dp/B07YXXJV54?dchild=1,15
Timex Ironman Classic 30 Oversized Watch,$35.75 ,3 Stars & Up,"1,617",https://www.amazon.com/Timex-T5K413-Ironman-Classic-Oversized/dp/B00352L1T4?dchild=1,15
"Apple Watch Series 5 (GPS + Cellular, 44MM) - Space Gray Aluminum Case with Black Sport Band (Renewed)",$419.00 ,2 Stars & Up,60,https://www.amazon.com/Apple-Watch-GPS-Cellular-44MM/dp/B082VKRK29?dchild=1,15
Timex Girls Time Machines Analog Elastic Fabric Strap Watch,$18.99 ,1 Star & Up,"2,535",https://www.amazon.com/Timex-TW7C06100-Machines-Stripes-Elastic/dp/B00YTYJ6HG?dchild=1,15
"L.O.L. Surprise! Touch-Screen Smartwatch, Built in Selfie-Camera, Easy-to-Buckle Strap, Pink Smart Watch - Model: LOL4104",$29.99 ,3.9 out of 5 stars,"1,987",https://www.amazon.com/L-L-Surprise-Touch-Screen-Selfie-Camera/dp/B07NQRWW79?dchild=1,15
Timex Ironman Essential 10 Mid-Size Watch,$30.56 ,4.4 out of 5 stars,"1,991",https://www.amazon.com/Timex-T5K784-Ironman-Essential-Mid-Size/dp/B00HYUT3FM?dchild=1,15
"wejie Survival Bracelet Watch, Men and Women Digital Outdoor Sports Watch, 6-in-1 Waterproof Emergency Survival Watches with Paracord, Whistle, Fire Starter, Scraper, Compass and Survival Gear",$19.99 ,4.5 out of 5 stars,79,https://www.amazon.com/wejie-Survival-Bracelet-Waterproof-Emergency/dp/B07T9SNNHD?dchild=1,15
LK [6 Pack] Screen Protector for Apple Watch 40mm Series 4/5 - Max Coverage Bubble-Free Anti-Scratch iWatch 40mm Flexible TPU Clear Film,$14.99 ,4.2 out of 5 stars,"8,045",https://www.amazon.com/LK-Screen-Protector-Apple-Watch/dp/B07RLS3R5T?dchild=1,16
"Michael Kors Access Gen 5 Bradshaw Smartwatch- Powered with Wear OS by Google with Speaker, Heart Rate, GPS, NFC, and Smartphone Notifications.",$169.00 ,4.5 out of 5 stars,191,https://www.amazon.com/Michael-Kors-Touchscreen-Smartwatch-Gunmetal-MKT5087/dp/B07TGWWFZY?dchild=1,16
"Samsung Galaxy Watch Active (40mm, GPS, Bluetooth), Rose Gold - US Version with Warranty",$55.90 ,4.5 out of 5 stars,"1,048",https://www.amazon.com/Samsung-Galaxy-Watch-Active-40mm/dp/B07NFMMNQB?dchild=1,16
Timex Men's Weekender 40mm Watch,$35.99 ,4.2 out of 5 stars,"1,943",https://www.amazon.com/Timex-TW2T30500-Weekender-Two-Piece-Leather/dp/B07M7CLWX9?dchild=1,16
"HalfSun Fitness Tracker, Activity Tracker Fitness Watch with Heart Rate Monitor, Blood Pressure Monitor, IP67 Waterproof Smart Watch with Sleep Monitor, Calorie Counter, Pedometer",$39.00 ,4.3 out of 5 stars,"1,871",https://www.amazon.com/HalfSun-Activity-Pressure-Waterproof-Pedometer/dp/B07PDVZMW6?dchild=1,16
Timex Easy Reader Date Expansion Band 38mm Watch,$6.99 ,4.2 out of 5 stars,448,https://www.amazon.com/Timex-TW2R58400-Silver-Tone-Stainless-Expansion/dp/B079HX74WQ?dchild=1,16
"GZ GZHISY Pack 2 Sport Bands Compatible for Apple Watch Band 38mm 40mm 42mm 44mm, Soft Silicone Band Sport Strap Compatible for iWatch Series 5/4/3/2/1",$41.99 ,4.5 out of 5 stars,189,https://www.amazon.com/GZ-GZHISY-Compatible-Wristband-Replacement/dp/B085QBDD2J?dchild=1,16
"BingoFit Fitness Tracker, Smart Watch Water Resistant Activity Tracker with Heart Rate Monitor, Sleep Monitors Calorie Pedometer Blood Pressure Sport Smartwatch for Men Women Kids Gifts",$75.00 ,4.4 out of 5 stars,579,https://www.amazon.com/BingoFit-Waterproof-Pedometer-Bluetooth-Smartwatch/dp/B07NXRNQJ8?dchild=1,16
"Smart Watch Compatible with Android and iOS Phone, Lintelek Smartwatch HR Monitor, Fitness Watch Blood Pressure Monitor with 5ATM Waterproof Step Tracker for Men and Women",$42.99 ,4 Stars & Up,144,https://www.amazon.com/Compatible-Lintelek-Smartwatch-Pressure-Waterproof/dp/B086L689MQ?dchild=1,16
"(Renewed) Apple iPad Air 2, 16 GB, Space Gray, Newest Version",$226.89 ,3 Stars & Up,"3,538",https://www.amazon.com/Apple-Space-Newest-Version-Renewed/dp/B00TREI0D4?dchild=1,16
Timex Women's Stretch Bangle Crisscross?25mm Watch,$42.25 ,2 Stars & Up,297,https://www.amazon.com/Timex-TW2R98600-Crisscross-25mm-Two-Tone-Expansion/dp/B07FF9W9NZ?dchild=1,16
"Updated Version 4 in 1 Wireless Charger, Apple Watch & AirPods & Pencil Charging Dock Station, Nightstand Mode for iWatch Series 5/4/3/2/1, Fast Charging for iPhone 11/11 Pro Max/XR/XS Max/Xs",$29.99 ,1 Star & Up,"3,739",https://www.amazon.com/Updated-Version-Wireless-Charging-Nightstand/dp/B07YY3SDHM?dchild=1,16
Better Watch Out,$50.75 ,4.7 out of 5 stars,466,https://www.amazon.com/Better-Watch-Out-Olivia-DeJonge/dp/B087P4TVPD?dchild=1,16
Timex Women's Easy Reader Leather Strap 30mm Watch,$7.14 ,4.2 out of 5 stars,1,https://www.amazon.com/Timex-Womens-TW2R62900-Silver-Tone-Leather/dp/B079J3B4S1?dchild=1,16
"Fisher-Price Laugh & Learn Time to Learn Smartwatch, Musical Baby Toy, Blue",$0.00 ,4.4 out of 5 stars,1,https://www.amazon.com/Fisher-Price-Laugh-Learn-Smartwatch-Musical/dp/B07X5YYV6L?dchild=1,16
Watch Me: Proving The Boys Wrong,$35.99 ,4.4 out of 5 stars,1,https://www.amazon.com/Watch-Me-Proving-Boys-Wrong-ebook/dp/B08CY9J9PW?dchild=1,16
"Lintelek Smart Watch, Full Touch Screen Smartwatch, 1.3 Inch Fitness Tracker with HR Monitor, Sleep Tracker, Stopwatch, IP68 Waterproof Fitness Watch Compatible with iOS, Android for Men, Women",$29.99 ,3.8 out of 5 stars,"1,707",https://www.amazon.com/Lintelek-Smartwatch-Stopwatch-Waterproof-Compatible/dp/B082WTKS17?dchild=1,16
Timex Women's Ironman 30-Lap Digital Quartz Mid-Size Watch,$13.99 ,4.5 out of 5 stars,55,https://www.amazon.com/Timex-Ironman-Digital-Mid-Size-Silver-Tone/dp/B00QIJ7AHS?dchild=1,16
"Apple Watch Stand, OMOTON 2 in 1 Universal Desktop Stand Holder for iPhone and Apple Watch Series 5/4/3/2/1 (Both 38mm/40mm/42mm/44mm) (Rose Gold)",$10.99 ,4.7 out of 5 stars,1,https://www.amazon.com/OMOTON-Universal-Desktop-Holder-iPhone/dp/B06Y4K2W3B?dchild=1,16
"Smiling Case for Apple Watch Series 4 & Series 5 with Buit in Tempered Glass Screen Protector- All Around Hard PC Protective Case High Definition Clear Ultra-Thin Cover for iwatch (Black, 40mm)",$49.90 ,4.4 out of 5 stars,1,https://www.amazon.com/Smiling-Protector-Protective-Definition-Ultra-Thin/dp/B083R89RWJ?dchild=1,16
Timex Men's TW2R63900 Southview 41mm Tan/Silver-Tone/Blue Leather Strap Watch,$49.99 ,4.3 out of 5 stars,"1,290",https://www.amazon.com/Timex-TW2R63900-Southview-Silver-Tone-Leather/dp/B079J38TJY?dchild=1,17
"¡¾Fitness smart Watch¡¿- Bluetooth Touch Screen Fitness Tracker Smartwatch With Waterproof Heart Rate Monitor,Step Counter Sleep Fitness Watch,Compatible With IOS & Android for Women Men Teenager(Black)",$37.05 ,4.7 out of 5 stars,620,https://www.amazon.com/%E3%80%90Fitness-Bluetooth-Smartwatch-Waterproof-Compatible/dp/B0872925K9?dchild=1,17
Timex Men's Easy Reader Date Expansion Band Watch,$6.99 ,4.8 out of 5 stars,"6,322",https://www.amazon.com/Timex-T2H311-Two-Tone-Stainless-Expansion/dp/B000AYSH2E?dchild=1,17
Anne Klein Women's AK/2245RTST Swarovski Crystal Accented Rose Gold-Tone and Silver-Tone Bangle Watch and Bracelet Set,$67.75 ,4 Stars & Up,407,https://www.amazon.com/Anne-Klein-AK-2245RTST-Silver-Tone/dp/B0193XJZ1Y?dchild=1,17
"[2 Pack] Compatible for Apple Watch 44mm Series 5 Series 4 Tempered Glass Screen Protector with Black Bumper Case, YMHML Full Coverage Easy Installation Bubble-Free Cover for iWatch Accessories",$9.99 ,3 Stars & Up,681,https://www.amazon.com/Compatible-YMHML-Installation-Bubble-Free-Accessories/dp/B07X2WM6QK?dchild=1,17
"Julk Series 3 38mm Case for Apple Watch Screen Protector, iWatch Overall Protective Case TPU HD Clear Ultra-Thin Cover for Apple Watch Series 3 (38mm)(2-Pack)",$8.99 ,2 Stars & Up,"13,497",https://www.amazon.com/Julk-Protector-Overall-Protective-Ultra-Thin/dp/B075WPCSHK?dchild=1,17
Victorinox Men's 249087 Original XL Black Stainless Steel Watch,$98.50 ,1 Star & Up,896,https://www.amazon.com/Victorinox-249085-Original-Swiss-Quartz/dp/B00OKYMY5Q?dchild=1,17
Cell Phone Stand for Apple Watch - OMOTON 2 in 1 Aluminum Foldable Charging Dock Stand for Apple Watch 5/4/3/2/1 and iPhone SE/11/11 Pro/11 Pro Max/XR/Xs/Xs Max (Rose Gold),$14.99 ,4.6 out of 5 stars,411,https://www.amazon.com/Cell-Phone-Stand-Apple-Watch/dp/B07Y1GNSXN?dchild=1,17
Invicta Men's 8926OB Pro Diver Stainless Steel Automatic Watch with Link Bracelet,$83.98 ,4.4 out of 5 stars,"6,452",https://www.amazon.com/Invicta-8926OB-Stainless-Automatic-Bracelet/dp/B000JQFX1G?dchild=1,17
"VTech PJ Masks Super Owlette Learning Watch, Great Gift for Kids, Toddlers, Toy for Boys and Girls, Ages 3, 4, 5, 6",$11.99 ,4.2 out of 5 stars,"4,402",https://www.amazon.com/VTech-Masks-Super-Owlette-Learning/dp/B0772QQ1PD?dchild=1,17
Timex Women's Weekender 38mm Watch,$45.97 ,4.3 out of 5 stars,995,https://www.amazon.com/Timex-Womens-Weekender-Chevron-TW2R59000/dp/B079J3BB8B?dchild=1,17
"MorePro Smart Watch 18 Sport Modes Activity Tracker Heart Rate Fitness Watch Blood Oxygen Monitor Sleep Tracker Calories Pedometer Waterproof Smart Band Sports Bracelet for Men, Women, Kids",$13.99 ,4.7 out of 5 stars,22,https://www.amazon.com/MorePro-Activity-Calories-Pedometer-Waterproof/dp/B089N6KGTN?dchild=1,17
"MJSCPHBJK Mens Digital Sports Watch, Waterproof LED Screen Large Face Military Watches and Heavy Duty Electronic Simple Army Watch with Alarm, Stopwatch, Luminous Night Light - Black",$50.50 ,4.4 out of 5 stars,"2,332",https://www.amazon.com/Waterproof-Military-Electronic-Stopwatch-Luminous/dp/B01BA77L12?dchild=1,17
Michael Kors Womens Portia - MK2752,$12.99 ,4.4 out of 5 stars,35,https://www.amazon.com/Michael-Kors-Watches-Petite-Portia/dp/B07CK8TNQT?dchild=1,17
LK [6 Pack] Screen Protector for Apple Watch 38mm Series 3 2 1 and 40mm Series 4 5 - Max Coverage Bubble-Free Anti-Scratch iWatch 38mm / 40mm Flexible TPU Clear Film,$30.99 ,4.5 out of 5 stars,"2,128",https://www.amazon.com/LK-Screen-Protector-Apple-Watch/dp/B07RJY9LXQ?dchild=1,17
Ryan's World Specials (Season 5) presented by pocket.watch,$17.25 ,4.9 out of 5 stars,2,https://www.amazon.com/Ryans-Day-of-the-Dragon/dp/B08B49GV6F?dchild=1,17
"Ogrmar 12 Slot PU Leather Lockable Watch Storage Boxes, Men & Women Jewelry Display Drawer Case, 2-Tier Organizer Watch Showcase with Glass Lid",$14.99 ,4.4 out of 5 stars,1,https://www.amazon.com/Ogrmar-Leather-Lockable-Organizer-Showcase/dp/B07RZXRYV8?dchild=1,17
Invicta Men's 14876 Specialty Chronograph 18k Gold Ion-Plated and Stainless Steel Watch,$66.13 ,4 Stars & Up,"1,060",https://www.amazon.com/Invicta-14876-Specialty-Chronograph-Ion-Plated/dp/B00EJISBMS?dchild=1,17
What to Watch,$22.49 ,3 Stars & Up,"2,522",https://www.amazon.com/Leading-Men-Watch-Prime-Video/dp/B08788YXRK?dchild=1,17
Armitron Sport Men's 40/8284 Digital Chronograph Watch,$27.99 ,2 Stars & Up,"1,395",https://www.amazon.com/Armitron-Sport-40-8284BLK-Chronograph/dp/B06XPDP85T?dchild=1,17
"Latest 2020 Wireless Charger, Powlaken 3 in 1 Qi-Certified Wireless Charging Station for AirPods Pro Apple Watch Series 5/4/3/2/1,Fast Wireless Charging Stand for iPhone 11 Pro/11 Pro Max/XS Max/XR/X",$35.75 ,1 Star & Up,"1,275",https://www.amazon.com/Updated-Version-Wireless-Charging-Qi-Certified/dp/B08341HQK3?dchild=1,18
Timex Women's Expedition Metal Field Mini Watch,$51.94 ,4.5 out of 5 stars,"1,254",https://www.amazon.com/Timex-Womens-TW4B12000-Expedition-Leather/dp/B079J3BHW6?dchild=1,18
Anne Klein Women's Resin Bracelet Dress Watch,$174.99 ,4.5 out of 5 stars,76,https://www.amazon.com/Anne-Klein-AK-1413LGSV-Silver-Tone/dp/B07M9RX2HD?dchild=1,18
"Golf Buddy Aim W10 GPS Watch aim W10 Golf GPS Watch, Black, Medium",$79.98 ,4.6 out of 5 stars,407,https://www.amazon.com/GOLFBUDDY-W10-Golf-GPS-Watch/dp/B07P6K8JZY?dchild=1,18
"Casio Men's G Shock Quartz Watch with Resin Strap, Multi, 28.8 (Model: GA-100L-2ACR)",$77.24 ,4.6 out of 5 stars,"3,912",https://www.amazon.com/Casio-Shock-Quartz-Watch-Resin/dp/B01GR7MGEW?dchild=1,18
Fossil Men's Coachman Quartz Stainless Steel and Leather Casual Cuff Watch,$30.55 ,4.5 out of 5 stars,"1,316",https://www.amazon.com/Fossil-Quartz-Stainless-Leather-Casual/dp/B001T6OPZ0?dchild=1,18
Timex Cavatina Expansion Band Watch,$36.88 ,3.8 out of 5 stars,419,https://www.amazon.com/Timex-Womens-T21912-Cavatina-Leather/dp/B0000UIUNE?dchild=1,18
"Mgaolo Fitness Tracker with Blood Pressure Heart Rate Sleep Monitor,IP68 Waterproof Activity Tracker Smart Watch with Pedometer Calorie Step Counter Compatible with iPhone and Android Phones",$28.62 ,4.7 out of 5 stars,81,https://www.amazon.com/Mgaolo-Pressure-Waterproof-Pedometer-Compatible/dp/B07YXXJV54?dchild=1,18
Nine West Women's Crystal Accented Bracelet Watch,$38.60 ,4.6 out of 5 stars,500,https://www.amazon.com/Nine-West-NW-2283SVSV-Silver-Tone/dp/B07MZ99LZQ?dchild=1,18
Timex Women's Easy Reader Expansion Band 30mm Watch,$419.00 ,4.2 out of 5 stars,60,https://www.amazon.com/Timex-TW2P78500-Silver-Tone-Stainless-Expansion/dp/B00YTY4EDM?dchild=1,18
"Apple Watch Series 5 (GPS + Cellular, 44MM) - Space Gray Aluminum Case with Black Sport Band (Renewed)",$31.84 ,3.9 out of 5 stars,"6,295",https://www.amazon.com/Apple-Watch-GPS-Cellular-44MM/dp/B082VKRK29?dchild=1,18
"Casio Men's MDV106-1AV 200M Duro Analog Watch, Black",$9.99 ,4.4 out of 5 stars,1,https://www.amazon.com/Casio-MDV106-1AV-Analog-Watch-Black/dp/B009KYJAJY?dchild=1,18
GEM Sisters presented by pocket.watch,$149.95 ,4 Stars & Up,1,https://www.amazon.com/GEM-Sisters-Summer-Camp-Kids/dp/B0884Z7QZG?dchild=1,18
POLAR Unite Fitness Watch Black,$34.99 ,3 Stars & Up,1,https://www.amazon.com/POLAR-Unite-Fitness-Watch-Black/dp/B089B2CK9Q?dchild=1,18
Timex Men's T2P294 Easy Reader Dress Silver-Tone Stainless Steel Expansion Band Watch,$25.98 ,2 Stars & Up,1,https://www.amazon.com/Timex-T2P294-Silver-Tone-Stainless-Expansion/dp/B00HYUS37G?dchild=1,18
"Amazqi Smart Watch, Smartwatch Phone with SD Card Pedometer Call Text Notification SIM Card Slot Music Player Camera Compatible for Android Samsung?Huawei and iPhone (Partial Functions) for Men Women",$49.99 ,1 Star & Up,3,https://www.amazon.com/Amazqi-Smartwatch-Notification-Compatible-Samsung-Huawei/dp/B082Y1XMNP?dchild=1,18
Timex Men's Expedition Classic Digital Chrono Alarm Timer Full-Size Watch,$68.98 ,5.0 out of 5 stars,85,https://www.amazon.com/Timex-Expedition-Classic-Digital-Chrono/dp/B00LW3RT4E?dchild=1,18
"COULAX Smart Watch, 1.4"" Touch Screen Smartwatch, Fitness Tracker Step Counter, Activity Tracker with Heart Rate Monitor, IP68 Waterproof Sport Watch for Women and Men",$12.99 ,4.4 out of 5 stars,124,https://www.amazon.com/COULAX-Smartwatch-Fitness-Activity-Waterproof/dp/B0855QNMSQ?dchild=1,18
Kate Spade New York Women's Morningside Stainless Steel Quartz Bracelet Watch,$58.97 ,4.0 out of 5 stars,"2,919",https://www.amazon.com/spade-Womens-Scallop-Quartz-Stainless-Steel-Plated/dp/B07G5HNMMN?dchild=1,18
"Neitooh 4 Packs Bands Compatible with Fitbit Versa/Versa 2/Fitbit Versa Lite for Women and Men, Classic Soft Silicone Sport Strap Replacement Wristband for Fitbit Versa Smart Watch",$86.00 ,4.4 out of 5 stars,338,https://www.amazon.com/Neitooh-Compatible-Silicone-Replacement-Wristband/dp/B07WFFG98X?dchild=1,18
Timex Women's Modern Easy Reader 32mm Watch,$37.49 ,4.4 out of 5 stars,112,https://www.amazon.com/Timex-Womens-Modern-Reader-Leather/dp/B07V6H4Q9H?dchild=1,19
Casio Men's G-Shock MTGM900DA-8CR Tough Solar Atomic Stainless Steel Sport Watch,$265.00 ,4.2 out of 5 stars,"3,479",https://www.amazon.com/G-Shock-MTGM900DA-8CR-deportivo-inoxidable-resistente/dp/B0094BKASS?dchild=1,19
Casio Men's Solar Sport Combination Watch,$0.00 ,4.3 out of 5 stars,73,https://www.amazon.com/Casio-Reloj-deportivo-solar-hombre/dp/B00791R1MI?dchild=1,19
"Garmin Approach S40, Stylish GPS Golf Smartwatch, Lightweight with Touchscreen Display, Black, 010-02140-01, Black stainless with black band",$11.99 ,4.7 out of 5 stars,"1,278",https://www.amazon.com/Garmin-Approach-Smartwatch-Lightweight-Touchscreen/dp/B07PKQT23Q?dchild=1,19
Watch Me Disappear: A Novel,$9.25 ,4.7 out of 5 stars,"2,928",https://www.amazon.com/Watch-Me-Disappear-Janelle-Brown-audiobook/dp/B06ZYBFHD6?dchild=1,19
Nixon Men's A105 Sentry 42mm Stainless Steel Leather Quartz Movement Watch,$49.99 ,4.6 out of 5 stars,188,https://www.amazon.com/NIXON-Sentry-Leather-A127-Resistant/dp/B07QX35X6K?dchild=1,19
"GBPOOT Sport Watch Band Compatible with Apple Watch Band 38mm 40mm 42mm 44mm,Soft Silicone Wristband for Iwatch Series 5,Series 4,Series 3,Series 2,Series 1,2pack",$9.99 ,4.4 out of 5 stars,1,https://www.amazon.com/GBPOOT-Compatible-Silicone-Wristband-Iwatch/dp/B089W43S78?dchild=1,19
"YIRSUR Smart Watch, Always-on 1.5"" Large High Definition Touch Screen, Fitness Tracker Heart Rate Recorder Step Counter and Sleep Monitor, IP68 Waterproof, Sync Message for Android & iOS (Black)",$35.90 ,4.2 out of 5 stars,1,https://www.amazon.com/YIRSUR-Always-Definition-Recorder-Waterproof/dp/B087B94J4G?dchild=1,19
Timex Women's Weekender 31mm Watch,$48.95 ,4 Stars & Up,"1,966",https://www.amazon.com/Timex-TW2R80600-Weekender-Silver-Tone-Slip-Thru/dp/B079HX6388?dchild=1,19
Valerian and the City of a Thousand Planets,$41.50 ,3 Stars & Up,"5,773",https://www.amazon.com/Valerian-City-Thousand-Planets-DeHaan/dp/B0748NJY1B?dchild=1,19
Mliyam 1080P Small HD Camera 32GB Smart Sport IR Cameras for Surveillance Camera,$27.54 ,2 Stars & Up,1,https://www.amazon.com/Mliyam-1080P-Camera-Cameras-Surveillance/dp/B07XFRPXMB?dchild=1,19
Casio Men's AE1200WHD-1A Stainless Steel Digital Watch,$65.90 ,1 Star & Up,1,https://www.amazon.com/Casio-AE1200WHD-1A-Stainless-Steel-Digital/dp/B0094B79CI?dchild=1,19
"YIRSUR Smart Watch, Wireless Charging Always-on 1.3"" Full Touch Screen Fitness Tracker, Heart Rate Recorder Step Counter, Sync Notification IP68 Water Resistant Sleep Monitor for Android&iOS (Black)",$36.99 ,4.6 out of 5 stars,1,https://www.amazon.com/YIRSUR-Wireless-Charging-Notification-Resistant/dp/B087BRDTDH?dchild=1,19
Timex Men's Classic Digital Watch,$7.99 ,4.0 out of 5 stars,21,https://www.amazon.com/Timex-T78587-Silver-Tone-Stainless-Expansion/dp/B000B545A0?dchild=1,19
Latest Version for Apple Watch Charger MFi Certified Magnetic Charging Cable iWatch Cord for Apple Watch Series 5/4/3/2/1 for All 38mm/40mm/42mm/44mm,$44.94 ,4.3 out of 5 stars,"2,847",https://www.amazon.com/Version-Charger-Certified-Magnetic-Charging/dp/B0851WCZ1G?dchild=1,19
Anne Klein Women's Swarovski Crystal Accented Watch and Bracelet Set,$19.88 ,4.6 out of 5 stars,44,https://www.amazon.com/Anne-Klein-cristales-Swarovski-3574WTST/dp/B082Q3D5J5?dchild=1,19
"Men¡¯s Digital Sports Watch, Multi-Functions Dual-Display Tactical Watch for Men with Backlight",$76.88 ,4.1 out of 5 stars,"2,524",https://www.amazon.com/Digital-Multi-Functions-Dual-Display-Tactical-Backlight/dp/B07WZF2VMC?dchild=1,19
Invicta Men's 1774  Pro-Diver Collection 18k Gold Ion-Plated Stainless Steel Watch,$35.97 ,4.4 out of 5 stars,189,https://www.amazon.com/Invicta-1774-Pro-Diver-Collection-Ion-Plated/dp/B005FN12BS?dchild=1,19
"Smart Watch Fitness Tracker,Body Temperature Monitor Blood pressure measurement Bluetooth Smartwatch Touchscreen Wrist Watch, Fitness Tracker with Camera Pedometer for Android iPhone iOS for Men Women",$111.63 ,4.2 out of 5 stars,19,https://www.amazon.com/Temperature-measurement-Bluetooth-Smartwatch-Touchscreen/dp/B0881MDMKH?dchild=1,19
Ryan's World Specials (Season 3) presented by pocket.watch,$99.00 ,4.3 out of 5 stars,28,https://www.amazon.com/Ryans-Frozen-Family-Fun/dp/B089Y6M2FT?dchild=1,19
Seiko Men's SNE361 Analog Display Japanese Quartz Silver Watch,$80.95 ,4.4 out of 5 stars,"1,458",https://www.amazon.com/Seiko-SNE361-Analog-Display-Japanese/dp/B00LRY60N4?dchild=1,20
G-Shock Men's GBD800UC-5,$45.99 ,4.7 out of 5 stars,63,https://www.amazon.com/Casio-G-Shock-Green-Trainer-GBD800UC-3/dp/B07PLT22B1?dchild=1,20
Timex Men's Classic Digital Watch,$36.99 ,4 Stars & Up,"2,524",https://www.amazon.com/Timex-T78587-Silver-Tone-Stainless-Expansion/dp/B000B545A0?dchild=1,20
"Fitness Tracker with Blood Pressure Heart Rate Sleep Monitor,IP68 Waterproof Activity Tracker Smart Watch Pedometer Step Counter Compatible with iPhone and Android Phones for Kids Man Women",$26.99 ,3 Stars & Up,27,https://www.amazon.com/Pressure-Waterproof-Activity-Pedometer-Compatible/dp/B087Q1WW12?dchild=1,20
"[2-Pack] Julk Case for Apple Watch Series 5 / Series 4 Screen Protector 40mm, 2019 New iWatch Overall Protective Case TPU HD Clear Ultra-Thin Cover for Series 5/4 (40mm)",$6.79 ,2 Stars & Up,"6,674",https://www.amazon.com/Julk-Protector-Overall-Protective-Ultra-Thin/dp/B07HQ5R5CT?dchild=1,20
Anne Klein Women's Swarovski Crystal Accented Watch and Bracelet Set,$44.94 ,1 Star & Up,19,https://www.amazon.com/Anne-Klein-cristales-Swarovski-3574WTST/dp/B082Q3D5J5?dchild=1,20
"321OU Smart Watch Compatible iOS Android iPhone Samsung for Women Men, Make/Answer Calls Support Bluetooth Touchscreen Sport Watch Fitness Tracker with Pedometer Camera (White)",$25.25 ,4.4 out of 5 stars,67,https://www.amazon.com/321OU-Compatible-Bluetooth-Touchscreen-Pedometer/dp/B0894XMMPF?dchild=1,20
Invicta Men's 1774  Pro-Diver Collection 18k Gold Ion-Plated Stainless Steel Watch,$76.88 ,4.6 out of 5 stars,"1,458",https://www.amazon.com/Invicta-1774-Pro-Diver-Collection-Ion-Plated/dp/B005FN12BS?dchild=1,20
"August Connect Wi-Fi Bridge. Remote access, Alexa integration for your August Smart Lock.",$59.89 ,4.4 out of 5 stars,"3,411",https://www.amazon.com/August-AC-R1-Connect-Wi-Fi-Bridge/dp/B0168IXNFQ?dchild=1,20
"Apple Watch Series 5 (GPS, 40MM) - Space Gray Aluminum Case with Black Sport Band (Renewed)",$344.00 ,4.3 out of 5 stars,70,https://www.amazon.com/Apple-Watch-GPS-40MM-Aluminum/dp/B0849M7QPQ?dchild=1,20
Seiko Men's SNE361 Analog Display Japanese Quartz Silver Watch,$111.63 ,4.4 out of 5 stars,270,https://www.amazon.com/Seiko-SNE361-Analog-Display-Japanese/dp/B00LRY60N4?dchild=1,20
Huawei GT Bluetooth SmartWatch,$99.99 ,4.7 out of 5 stars,345,https://www.amazon.com/SUNG-LL-Huawei-Version-Titanium-Stainless/dp/B07Q4DVF1Q?dchild=1,20
"Invicta Men's Pro Diver Stainless Steel Quartz Watch with Silicone Strap, White, 26 (Model: 23424)",$80.95 ,4.4 out of 5 stars,263,https://www.amazon.com/Invicta-Quartz-Stainless-Silicone-Casual/dp/B01MRIQAOT?dchild=1,20
"for Samsung Galaxy Watch 46mm Bands - 2 Pack 22mm Premium Genuine Leather Straps with Stainless Steel Buckle for Gear S3 Frontier/Classic, Brown + Black",$15.98 ,4.6 out of 5 stars,209,https://www.amazon.com/Samsung-Galaxy-Watch-46mm-Bands/dp/B07L5JT4QQ?dchild=1,20
"Casio Men's Data Bank Quartz Watch with Resin Strap, Black, 18 (Model: F91WM-9A)",$14.95 ,4.5 out of 5 stars,"1,734",https://www.amazon.com/Casio-Classic-Quartz-Metal-Casual/dp/B01MZF6LL2?dchild=1,20
"IYOU Sport Watch Band Compatible with Watch 38MM 42MM 40MM 44MM, Soft Silicone Replacement Sport Strap Compatible with 2019 Watch Series 5/4/3/2/1",$7.99 ,4.6 out of 5 stars,"12,393",https://www.amazon.com/IYOU-Sport-Compatible-Silicone-Replacement/dp/B07SFLSR1X?dchild=1,20
Nine West Women's Bracelet Watch,$31.84 ,4.6 out of 5 stars,77,https://www.amazon.com/Nine-West-Reloj-pulsera-Plateado/dp/B07SZ5QXH4?dchild=1,20
Mantello 12-Watch Display Box Carbon Fiber Design with Glass Top,$34.99 ,4.6 out of 5 stars,348,https://www.amazon.com/Mantello-expositora-relojes-carbono-cristal/dp/B01KKRJCGK?dchild=1,20
"for Samsung Galaxy Watch 46mm Bands - 2 Pack 22mm Premium Genuine Leather Straps with Stainless Steel Buckle for Gear S3 Frontier/Classic, Brown + Black",$15.98 ,4 Stars & Up,209,https://www.amazon.com/Samsung-Galaxy-Watch-46mm-Bands/dp/B07L5JT4QQ?dchild=1,20
"IYOU Sport Watch Band Compatible with Watch 38MM 42MM 40MM 44MM, Soft Silicone Replacement Sport Strap Compatible with 2019 Watch Series 5/4/3/2/1",$7.99 ,3 Stars & Up,"12,393",https://www.amazon.com/IYOU-Sport-Compatible-Silicone-Replacement/dp/B07SFLSR1X?dchild=1,20
"Casio Men's G Shock Quartz Watch with Resin Strap, Multi, 28.8 (Model: GA-100L-2ACR)",$79.98 ,2 Stars & Up,407,https://www.amazon.com/Casio-Shock-Quartz-Watch-Resin/dp/B01GR7MGEW?dchild=1,21
Mantello 12-Watch Display Box Carbon Fiber Design with Glass Top,$34.99 ,1 Star & Up,348,https://www.amazon.com/Mantello-expositora-relojes-carbono-cristal/dp/B01KKRJCGK?dchild=1,21
Fossil Men's Coachman Quartz Stainless Steel and Leather Casual Cuff Watch,$77.24 ,4.6 out of 5 stars,"3,912",https://www.amazon.com/Fossil-Quartz-Stainless-Leather-Casual/dp/B001T6OPZ0?dchild=1,21
Apple Watch Milanese Loop Band (40mm) - Gold,$87.78 ,4.6 out of 5 stars,161,https://www.amazon.com/Apple-Watch-Milanese-Loop-Band/dp/B07HCSR3JJ?dchild=1,21
Timex Cavatina Expansion Band Watch,$30.55 ,4.7 out of 5 stars,"1,316",https://www.amazon.com/Timex-Womens-T21912-Cavatina-Leather/dp/B0000UIUNE?dchild=1,21
"Potty Training Timer Watch with Flashing Lights and Music Tones - Water Resistant, Rechargeable, Dinosaur Pattern Colorful Band, Discreet, Smart Sensor, Potty Training Watch",$21.95 ,4.7 out of 5 stars,226,https://www.amazon.com/Potty-Training-Timer-Flashing-Lights/dp/B0833B64ZT?dchild=1,21
What to Watch,$144.94 ,4.6 out of 5 stars,"1,606",https://www.amazon.com/Leading-Men-Watch-Prime-Video/dp/B08788YXRK?dchild=1,21
"Garmin Approach S10 - Lightweight GPS Golf Watch, Black, 010-02028-00",$28.62 ,4.4 out of 5 stars,81,https://www.amazon.com/Garmin-Approach-S10-Lightweight-010-02028-00/dp/B07C2QHTTZ?dchild=1,21
Nine West Women's Crystal Accented Bracelet Watch,$8.99 ,4.2 out of 5 stars,"7,375",https://www.amazon.com/Nine-West-NW-2283SVSV-Silver-Tone/dp/B07MZ99LZQ?dchild=1,21
"[2-Pack] Julk Case for Apple Watch Series 5 / Series 4 Screen Protector 44mm, 2019 New iWatch Overall Protective Case TPU HD Clear Ultra-Thin Cover for Series 5/4 (44mm)",$38.60 ,3.9 out of 5 stars,500,https://www.amazon.com/Julk-Protector-Overall-Protective-Ultra-Thin/dp/B07HQRP3JR?dchild=1,21
Timex Women's Easy Reader Expansion Band 30mm Watch,$344.90 ,4.3 out of 5 stars,615,https://www.amazon.com/Timex-TW2P78500-Silver-Tone-Stainless-Expansion/dp/B00YTY4EDM?dchild=1,21
"Garmin Venu, GPS Smartwatch with Bright Touchscreen Display, features Music, Body Energy Monitoring, Animated workouts, Pulse Ox Sensor and More, Rose Gold with Tan Band",$37.99 ,4.4 out of 5 stars,"6,295",https://www.amazon.com/Garmin-Smartwatch-Touchscreen-features-Monitoring/dp/B07W6RXHJG?dchild=1,21
Dreamingbox Sports Digital Watch for Kids - Best Gifts,$16.99 ,4 Stars & Up,230,https://www.amazon.com/Outdoor-Waterproof-Birthday-Presents-MMUSPW01/dp/B07QV1S1H5?dchild=1,21
Timex Men's Expedition Metal Field Watch,$54.69 ,3 Stars & Up,"3,375",https://www.amazon.com/Timex-TW4B16000-Expedition-Field-Leather/dp/B07MQ4WYG1?dchild=1,21
"3-Pack LOZA Screen Protector for Apple Watch Series 5/4 44mm, 3D Curved Edge Anti-Scratch Anti-Bubble Ultra HD Flexible Film Protector with Black Edge for iWatch Series 5/4 (44mm)",$9.99 ,2 Stars & Up,626,https://www.amazon.com/LOZA-Protector-Anti-Scratch-Anti-Bubble-Flexible/dp/B085NLRDNJ?dchild=1,21
Marathon by Timex Mid-Size Watch,$10.99 ,1 Star & Up,761,https://www.amazon.com/Marathon-Timex-TW5K96800-Mid-Size-Silver-Tone/dp/B019FELQX6?dchild=1,21
"Smart Watch for Android Phones,Smartwatch for Men Women,Smart Watches with Camera Bluetooth Watch with SIM Card Slot Cell Phone Watch Smartwatch for Android Samsung Phone iOS XS X8 10 11",$33.97 ,4.3 out of 5 stars,"2,275",https://www.amazon.com/Android-Smartwatch-Watches-Bluetooth-Samsung/dp/B08579ZX32?dchild=1,21
Seiko Women's SUT116 Stainless Steel Two-Tone Watch,$97.98 ,4.3 out of 5 stars,804,https://www.amazon.com/Seiko-Womens-SUT116-Stainless-Two-Tone/dp/B00F0TSL2A?dchild=1,21
"The Watch, Thoroughly Revised",$31.84 ,4.1 out of 5 stars,1,https://www.amazon.com/Watch-Thoroughly-Revised-Gene-Stone/dp/1419732609?dchild=1,21
Casio Men's Vintage CA53W-1 Calculator Watch,$9.99 ,4.0 out of 5 stars,1,https://www.amazon.com/Casio-Mens-CA53W-1-Calculator-Watch/dp/B000GB1R7S?dchild=1,21
"[6 Pack] L K Screen Protector for Apple Watch Series 5/4 40mm, [Full Coverage] [Self Healing] Anti-Bubble for iWatch 5 HD Clear Flexible TPU Film",$19.87 ,4.3 out of 5 stars,66,https://www.amazon.com/Protector-Coverage-Healing-Anti-Bubble-Flexible/dp/B07V5S4MVM?dchild=1,22
Invicta Men's 8928 Pro Diver Collection Two-Tone Stainless Steel Automatic Watch,$10.99 ,4.5 out of 5 stars,"6,359",https://www.amazon.com/Invicta-Collection-Two-Tone-Stainless-Automatic/dp/B000EIA0LW?dchild=1,22
"WAITIEE Updated Version,Wireless Charger 5 in 1,Qi Wireless Charging Station for Apple Watch Series 5/4/3/2/1& AirPods3/2/1 & Pencil & iPhone 11/11 Pro Max/XR/XS Max/Xs/X/8/8P(Black)",$75.37 ,4.6 out of 5 stars,"1,177",https://www.amazon.com/WAITIEE-Updated-Wireless-Charging-AirPods3/dp/B087WSPFBV?dchild=1,22
Armani Exchange Outerbanks Stainless Watch,$27.99 ,4.6 out of 5 stars,844,https://www.amazon.com/Armani-Exchange-Outerbanks-inoxidable-Silicona/dp/B07791TSQP?dchild=1,22
Willful Smart Watch for Android Phones Compatible iPhone Samsung IP68 Swimming Waterproof Smartwatch Sports Watch Fitness Tracker Heart Rate Monitor Digital Watch Smart Watches for Men Women Black,$70.12 ,4.3 out of 5 stars,277,https://www.amazon.com/Willful-Compatible-Swimming-Waterproof-Smartwatch/dp/B07VNM423K?dchild=1,22
"Cokier Sport Band Compatible with Apple Watch 38mm 40mm 42mm 44mm, Breathable Soft Sport Loop Strap Nylon Wristband Replacement for iWatch Apple Watch Series 5/4/ 3/2/ 1",$35.69 ,4.4 out of 5 stars,"1,710",https://www.amazon.com/Cokier-Compatible-Breathable-Wristband-Replacement/dp/B08C286ZH6?dchild=1,22
Fossil Men's FB-01 Stainless Steel Casual Quartz Watch,$7.99 ,4.8 out of 5 stars,986,https://www.amazon.com/Fossil-FB-01-Quartz-Stainless-Silver/dp/B0846PKRZJ?dchild=1,22
"Apple Watch Series 3 (GPS + Cellular, 38mm) - Silver Aluminum Case with White Sport Band",$69.00 ,4.5 out of 5 stars,482,https://www.amazon.com/Apple-Watch-GPS-Cellular-38mm-Aluminium/dp/B07K4B3SVP?dchild=1,22
Fossil Women's Carlie Mini Stainless Steel and Leather Quartz Watch,$59.11 ,4 Stars & Up,185,https://www.amazon.com/Fossil-Womens-Carlie-Stainless-Leather/dp/B07L465NGB?dchild=1,22
"Boy's Digital Watch, Military Sports Watch with Alarm Stopwatch LED Backlight Waterproof Kids Watch for Boys",$13.99 ,3 Stars & Up,267,https://www.amazon.com/Digital-Sports-Backlight-Stopwatch-Waterproof/dp/B073F68M2P?dchild=1,22
Michael Kors Women's Tiffany Rose Gold Tone Stainless Steel Watch MK3375,$95.49 ,2 Stars & Up,35,https://www.amazon.com/Michael-Kors-Runway-Crystal-Stainless/dp/B072NYW7FJ?dchild=1,22
"Android Smart Watch for Women Men, 2020 Bluetooth Smartwatch Smart Watches Touchscreen with Camera, Cell Ph one Watch with SIM Card Slot Compatible Android iOS Samsung Phone Note Adult",$29.99 ,1 Star & Up,"3,860",https://www.amazon.com/Android-Bluetooth-Smartwatch-Touchscreen-Compatible/dp/B0872WVRJ2?dchild=1,22
Casio Men's G-Shock GD350 Sport Watch,$71.76 ,4.6 out of 5 stars,550,https://www.amazon.com/Casio-G-Shock-GD350-1C-Black-Resin/dp/B01C71NW9U?dchild=1,22
"6PCS Micro Precision Screwdriver Set, VAKOGAL Premium Screwdriver Kit 0.8-1.6mm, 6 Extra Replace Blades for Watch Repair, Eyeglasses Repair, Jewelry Work, Electronics Repair",$7.95 ,4.3 out of 5 stars,143,https://www.amazon.com/Precision-Screwdriver-VAKOGAL-Eyeglasses-Electronics/dp/B07QRS56D7?dchild=1,22
pzoz Compatible Apple Watch Series 5 / Series 4 Case with Screen Protector 44mm Accessories Slim Guard Thin Bumper Full Coverage Matte Hard Cover Defense Edge for Women Men New Gen GPS iWatch (Black),$10.99 ,4.6 out of 5 stars,"4,353",https://www.amazon.com/pzoz-Compatible-Protector-Accessories-Coverage/dp/B07R4HQRXP?dchild=1,22
"Invicta Women's Angel Quartz Watch with Stainless Steel Strap, Two Tone, 16 (Model: 28476)",$39.00 ,4.5 out of 5 stars,5,https://www.amazon.com/Invicta-28476-cuarzo-correa-inoxidable/dp/B07SBK173K?dchild=1,22
"Benny Bradley's Potty Training Watch, with Potty Training eBook - Musical and Vibration Interval Reminders, Water Resistant, for Babies, Toddlers and Kids Potty and Toilet Training (Pink)",$18.99 ,4.6 out of 5 stars,145,https://www.amazon.com/Benny-Bradleys-Potty-Training-Watch/dp/B0836S2YP6?dchild=1,22
Michael Kors Access Gen 3 Sofie Touchscreen Smartwatch Powered with Wear OS by Google,$149.00 ,4.3 out of 5 stars,563,https://www.amazon.com/Michael-Kors-Access-Touchscreen-Smartwatch/dp/B074W991FC?dchild=1,22
OriBear Compatible with Apple Watch Band 40mm 38mm 44mm 42mm Elegant Floral Bands for Women Soft Silicone Solid Pattern Printed Replacement Strap Band for Iwatch?Series 4/3/2/1,$6.99 ,4.3 out of 5 stars,564,https://www.amazon.com/OriBear-Compatible-Elegant-Silicone-Leopard/dp/B0824XSBY1?dchild=1,22
Michael Kors Parker Stainless Steel Watch With Glitz Accents,$15.99 ,5.0 out of 5 stars,"4,720",https://www.amazon.com/Michael-Kors-Womens-Two-Tone-MK5896/dp/B00FZE1AZU?dchild=1,22
"Tinwoo Smart Watch for Android / iOS Phones, Support Wireless Charging, Bluetooth Health Tracker with Heart Rate Monitor, GPS Digital Smartwatch for Women Men, 5ATM Waterproof (TPU Band Black)",$159.00 ,3.9 out of 5 stars,116,https://www.amazon.com/Tinwoo-Wireless-Bluetooth-Smartwatch-Waterproof/dp/B0861X7S6Q?dchild=1,23
Invicta Men's 6981 Pro Diver Analog Swiss Chronograph Black Polyurethane Watch,$68.99 ,3.9 out of 5 stars,"2,363",https://www.amazon.com/Invicta-6981-Analog-Chronograph-Polyurethane/dp/B003MYYJD0?dchild=1,23
Armani Exchange Hampton Stainless Steel Watch,$80.00 ,4.8 out of 5 stars,"1,448",https://www.amazon.com/Armani-Exchange-AX2104-Black-Watch/dp/B00BYIMWYE?dchild=1,23
"CAGOS Bracelet Beadeds Compatible with Apple Watch Band 44mm/42mm Women Girl,Cute Handmade Fashion Elastic Beaded Strap Compatible for Apple iWatch Series 5/4/3/2/1(Light Pink Marble, 42mm/44mm)",$180.00 ,4.5 out of 5 stars,226,https://www.amazon.com/CAGOS-Bracelet-Beadeds-Compatible-Handmade/dp/B081YN3WD9?dchild=1,23
Irresistible,$46.99 ,4 Stars & Up,383,https://www.amazon.com/Irresistible-Steve-Carell/dp/B08BDPMTSL?dchild=1,23
